step,system_total_stopped,system_total_waiting_time,system_mean_waiting_time,system_mean_speed,J17_stopped,J17_accumulated_waiting_time,J17_average_speed,J18_stopped,J18_accumulated_waiting_time,J18_average_speed,agents_total_stopped,agents_total_accumulated_waiting_time
5.0,0,0.0,0.0,12.73364178693086,0,0.0,1.0,0,0.0,0.9568521661143106,0,0.0
10.0,0,0.0,0.0,12.456273823849424,0,0.0,0.9404285915252725,0,0.0,0.9285973916217141,0,0.0
15.0,0,0.0,0.0,13.192271449684993,0,0.0,0.9496192934569055,0,0.0,0.9590374272715042,0,0.0
20.0,0,0.0,0.0,12.002641264533924,0,0.0,0.7895412058524246,0,0.0,0.9600668887675259,0,0.0
25.0,2,4.0,0.26666666666666666,8.745488544112506,2,4.0,0.4970015285638023,0,0.0,0.7565862553995668,2,4.0
30.0,6,25.0,1.25,8.990042987881544,3,18.0,0.6445084173336897,3,7.0,0.6414489190335089,6,25.0
35.0,4,42.0,1.826086956521739,7.700873374571722,3,33.0,0.45481909448975333,1,9.0,0.6486823630677683,4,42.0
40.0,9,76.0,2.923076923076923,7.197964599261736,5,61.0,0.38657968441705504,4,21.0,0.5732188424859379,9,82.0
45.0,13,131.0,4.517241379310345,6.061183168070962,6,89.0,0.3749376504874225,7,48.0,0.39906891830139046,13,137.0
50.0,10,98.0,3.0625,5.996495802673806,6,81.0,0.37826614960773824,4,49.0,0.42181983024869324,10,130.0
55.0,13,153.0,4.636363636363637,7.3260588922476195,5,91.0,0.508087329700113,8,65.0,0.26713459741279005,13,156.0
60.0,11,175.0,5.303030303030303,6.891544504059688,6,118.0,0.4091621347433489,5,75.0,0.27013372204694963,11,193.0
65.0,13,217.0,6.027777777777778,7.163535840915764,8,155.0,0.382182559115945,5,72.0,0.2729282013197267,13,227.0
70.0,14,208.0,5.942857142857143,5.598627724277453,8,132.0,0.3070675666667993,6,94.0,0.41259353250469427,14,226.0
75.0,12,245.0,6.805555555555555,6.385450720681277,8,156.0,0.32930877446838525,4,95.0,0.5518433824056735,12,251.0
80.0,13,223.0,5.717948717948718,7.351956850542126,8,149.0,0.4422355299294162,5,120.0,0.6123374699394589,13,269.0
85.0,14,272.0,6.325581395348837,7.188283055904243,9,141.0,0.4469908602329974,5,148.0,0.5428604806612511,14,289.0
90.0,15,268.0,5.826086956521739,5.8899720777109845,7,141.0,0.41055698192406853,8,168.0,0.4113757033237886,15,309.0
95.0,15,307.0,6.673913043478261,5.588292678309442,5,117.0,0.3453752154926549,10,215.0,0.32372445824615553,15,332.0
100.0,15,170.0,3.5416666666666665,5.561576132249059,5,88.0,0.4058625205204599,10,161.0,0.1897550751515214,15,249.0
105.0,14,189.0,3.78,6.492192316569259,6,59.0,0.33551207000375183,8,163.0,0.3169269956063023,14,222.0
110.0,15,152.0,3.234042553191489,6.73839984638899,8,83.0,0.27301947386152287,7,150.0,0.5059137522201316,15,233.0
115.0,11,141.0,3.357142857142857,7.59462614558869,4,91.0,0.3851123947574098,7,111.0,0.47761848695368353,11,202.0
120.0,9,95.0,2.375,6.38382404782037,3,57.0,0.4842770792093183,6,101.0,0.27734452079455396,9,158.0
125.0,18,161.0,4.025,5.998359816158923,4,54.0,0.4792465104585664,14,151.0,0.22704788778825138,18,205.0
130.0,17,158.0,3.95,5.620202784515331,8,51.0,0.3493450375777595,9,160.0,0.3457012028105477,17,211.0
135.0,16,216.0,5.4,6.48415135423293,7,86.0,0.39177377961792786,9,156.0,0.323458503593923,16,242.0
140.0,15,216.0,5.837837837837838,5.680276663072264,7,95.0,0.3517338477244437,8,157.0,0.2905664508863667,15,252.0
145.0,17,261.0,6.525,5.9008689393252265,9,141.0,0.3743685910425535,8,162.0,0.24099696216710667,17,303.0
150.0,14,204.0,4.857142857142857,5.566718678862704,6,126.0,0.37079568857466616,8,169.0,0.31533918652251197,14,295.0
155.0,14,230.0,5.75,6.346558091919013,5,76.0,0.5597553544338875,9,199.0,0.26625969626173845,14,275.0
160.0,13,224.0,5.333333333333333,5.995380996291759,5,89.0,0.4954930897475705,8,211.0,0.26639671252284375,13,300.0
165.0,13,267.0,5.933333333333334,7.400843195810645,8,120.0,0.4526805657439332,5,194.0,0.4594375385160784,13,314.0
170.0,11,256.0,5.818181818181818,6.88376116518358,7,133.0,0.2749489489513717,4,167.0,0.47792693329692254,11,300.0
175.0,10,296.0,6.883720930232558,8.230881385355486,5,135.0,0.39657772637131583,5,171.0,0.5149444358885419,10,306.0
180.0,14,207.0,4.928571428571429,6.776334341535486,8,170.0,0.35333109860155976,6,123.0,0.42827521199756025,14,293.0
185.0,14,163.0,3.6222222222222222,6.535981224530081,6,156.0,0.38502368943124865,8,71.0,0.38623744937039706,14,227.0
190.0,16,183.0,4.255813953488372,6.112375548033635,5,105.0,0.4467017643723835,11,112.0,0.35342657196961563,16,217.0
195.0,14,123.0,2.7333333333333334,6.140297360962907,5,71.0,0.4467267701422562,9,124.0,0.4389674272410037,14,195.0
200.0,17,163.0,3.880952380952381,6.085667100055385,9,98.0,0.3522782783858821,8,100.0,0.43985551768588954,17,198.0
205.0,15,169.0,4.225,4.9929263993758015,7,113.0,0.2814597270553117,8,112.0,0.32964787340723645,15,225.0
210.0,14,195.0,4.875,5.725822543521038,6,121.0,0.3004693817597509,8,116.0,0.3020756278720365,14,237.0
215.0,15,159.0,3.8780487804878048,4.744468929489952,7,100.0,0.38842927595083765,8,107.0,0.09061830316036587,15,207.0
220.0,21,258.0,5.863636363636363,6.076144501414377,8,145.0,0.4896006981130817,13,146.0,0.24357737851336353,21,291.0
225.0,18,277.0,5.770833333333333,5.777190167593755,8,183.0,0.5103971440434782,10,160.0,0.24203141313049376,18,343.0
230.0,21,364.0,7.0,5.319272452969037,12,238.0,0.373562392501623,9,170.0,0.3323693882851502,21,408.0
235.0,22,327.0,5.839285714285714,5.159689000945789,12,263.0,0.32722795839216196,10,173.0,0.37833679090542743,22,436.0
240.0,15,343.0,6.125,6.563391097183323,8,269.0,0.33079970014350907,7,136.0,0.474415247298801,15,405.0
245.0,17,287.0,4.948275862068965,5.98004681106608,9,241.0,0.35010254620274056,8,130.0,0.2868772107021834,17,371.0
250.0,22,315.0,5.431034482758621,5.742772055403164,14,273.0,0.2750644227172262,8,111.0,0.2654661270398449,22,384.0
255.0,20,169.0,2.913793103448276,5.7714258164881596,13,209.0,0.4098203442025952,7,111.0,0.2851389146068559,20,320.0
260.0,24,256.0,4.491228070175438,6.012536142040263,15,187.0,0.3826829519538936,9,144.0,0.40076867161883584,24,331.0
265.0,23,278.0,4.557377049180328,5.6056918093329715,15,217.0,0.3707096716677316,8,167.0,0.42805612182846636,23,384.0
270.0,19,273.0,4.136363636363637,6.067958023940859,10,200.0,0.3111185010892913,9,182.0,0.3985692643605596,19,382.0
275.0,19,190.0,2.8358208955223883,6.050621788306408,12,179.0,0.25152666659954553,7,150.0,0.3955308059854522,19,329.0
280.0,31,278.0,3.9714285714285715,5.787966819471926,20,212.0,0.2113395089426251,11,172.0,0.32910885442360116,31,384.0
285.0,30,291.0,4.343283582089552,4.56150945686137,19,281.0,0.21847609659362596,11,161.0,0.24818681715895474,30,442.0
290.0,29,370.0,5.6923076923076925,5.101811163510304,19,328.0,0.2627524324671263,10,142.0,0.33104559526416133,29,470.0
295.0,31,385.0,5.923076923076923,4.092773052018769,22,372.0,0.16573214877707218,9,152.0,0.34127435515408505,31,524.0
300.0,23,378.0,5.815384615384615,5.31372251120623,15,371.0,0.20292974206259096,8,147.0,0.37992772273930525,23,518.0
305.0,21,359.0,5.983333333333333,4.912677902421416,13,352.0,0.23295642051126914,8,165.0,0.2098649468513315,21,517.0
310.0,23,278.0,4.793103448275862,4.718729560128853,12,332.0,0.25553853116169634,11,195.0,0.1577032464759416,23,527.0
315.0,24,265.0,4.649122807017544,4.150712381641877,13,353.0,0.25440309792958743,11,197.0,0.24536444141812255,24,550.0
320.0,28,381.0,6.803571428571429,4.842084197194135,16,402.0,0.2462609933508391,12,243.0,0.42622525691557916,28,645.0
325.0,25,395.0,6.810344827586207,5.144699293294605,17,434.0,0.27151758543984134,8,252.0,0.4687993829876694,25,686.0
330.0,20,409.0,6.704918032786885,5.469623655433866,12,408.0,0.3096863038522013,8,232.0,0.31951595081117423,20,640.0
335.0,23,423.0,6.609375,4.718140969766176,12,398.0,0.2707375002182611,11,251.0,0.10769946262048838,23,649.0
340.0,30,489.0,7.761904761904762,4.848648769490071,15,372.0,0.2414104374942178,15,274.0,0.19275006127934652,30,646.0
345.0,29,403.0,6.296875,4.442926455508873,18,418.0,0.1777347506135042,11,199.0,0.326540122408004,29,617.0
350.0,24,465.0,8.017241379310345,5.238099085164102,14,446.0,0.2764168458040792,10,165.0,0.3316655911228161,24,611.0
355.0,18,284.0,4.655737704918033,5.144247872486528,11,360.0,0.2850821432668546,7,169.0,0.3167059160292595,18,529.0
360.0,20,239.0,4.0508474576271185,5.629894544384804,13,301.0,0.25345385614102617,7,123.0,0.4141602940099071,20,424.0
365.0,22,211.0,3.5762711864406778,5.693212717614468,19,318.0,0.20953321648377984,3,70.0,0.504053999695286,22,388.0
370.0,27,306.0,5.275862068965517,5.791945355569675,21,360.0,0.29090358339415473,6,57.0,0.4603178321506228,27,417.0
375.0,26,353.0,5.693548387096774,5.085762420327222,20,412.0,0.28149032094309795,6,77.0,0.4701435487934628,26,489.0
380.0,22,338.0,5.451612903225806,5.3230455734653415,14,408.0,0.27631188553834285,8,106.0,0.426044999992095,22,514.0
385.0,22,357.0,5.3283582089552235,5.124722003097294,14,414.0,0.27813231753268686,8,123.0,0.3117116019418154,22,537.0
390.0,23,412.0,6.0588235294117645,4.978594555052608,16,427.0,0.22844128176710274,7,133.0,0.33374508219802845,23,560.0
395.0,28,394.0,6.15625,4.380717945586874,23,502.0,0.1790539998048802,5,89.0,0.40229246826026155,28,591.0
400.0,32,455.0,6.6911764705882355,5.18823571159777,26,589.0,0.18274213990195315,6,49.0,0.5503603874401825,32,638.0
405.0,34,529.0,7.779411764705882,4.74013475922874,28,654.0,0.17492985864214186,6,60.0,0.5165553788633999,34,714.0
410.0,31,535.0,7.985074626865671,4.161661538633807,22,654.0,0.18331315015564248,9,102.0,0.34321130457419063,31,756.0
415.0,26,555.0,8.409090909090908,4.2608099695272,18,664.0,0.2566828896075856,8,113.0,0.05991091270208558,26,777.0
420.0,23,589.0,8.661764705882353,5.614816839822305,16,669.0,0.2478921115241453,7,109.0,0.29799965557688424,23,778.0
425.0,22,590.0,9.076923076923077,5.377530316383235,16,681.0,0.16506341279125844,6,117.0,0.4097364712816989,22,798.0
430.0,27,361.0,5.918032786885246,5.114501116183808,21,598.0,0.13884891622679119,6,115.0,0.5304109481145334,27,713.0
435.0,31,337.0,5.711864406779661,4.81132513167915,24,491.0,0.18700641701386245,7,70.0,0.40480125795899236,31,561.0
440.0,32,431.0,7.183333333333334,4.504468588416836,23,554.0,0.14194107411049348,9,114.0,0.4298454748287697,32,668.0
445.0,24,373.0,6.322033898305085,4.399407464714377,16,544.0,0.16812054295628523,8,130.0,0.39597007867608114,24,674.0
450.0,19,387.0,6.559322033898305,5.173633136628382,13,524.0,0.1975036066040708,6,95.0,0.378526833589109,19,619.0
455.0,18,282.0,4.548387096774194,5.66012898861614,13,482.0,0.23329294599632108,5,70.0,0.3100252705200514,18,552.0
460.0,28,282.0,4.622950819672131,5.205832741115808,16,436.0,0.14095307413390318,12,104.0,0.33608251436447667,28,540.0
465.0,27,353.0,5.983050847457627,4.464193325319806,18,476.0,0.16180738315578688,9,120.0,0.3328208785547044,27,596.0
470.0,20,387.0,7.4423076923076925,4.847583698854098,11,461.0,0.17552776816846372,9,118.0,0.3702903730143738,20,579.0
475.0,17,303.0,6.446808510638298,5.201588531162745,10,426.0,0.20525007966851058,7,111.0,0.3763968742838229,17,537.0
480.0,18,249.0,4.788461538461538,6.045133263227019,10,372.0,0.2636115411974721,8,91.0,0.44840326087581445,18,463.0
485.0,19,164.0,3.1538461538461537,5.601809470868637,11,314.0,0.3114218875343109,8,79.0,0.35322392596942986,19,393.0
490.0,21,264.0,4.888888888888889,6.522336746319497,12,352.0,0.3867907362839977,9,102.0,0.3984488443051844,21,454.0
495.0,20,253.0,4.517857142857143,5.563255787704963,10,360.0,0.3535864376292142,10,120.0,0.3839252521060448,20,480.0
500.0,16,264.0,4.631578947368421,6.538139589616392,8,329.0,0.36188983905294264,8,120.0,0.4060820380340029,16,449.0
505.0,15,172.0,3.0714285714285716,6.1803627674952555,6,247.0,0.3593651245375807,9,124.0,0.1944329371632954,15,371.0
510.0,21,221.0,3.7457627118644066,6.664566534673859,11,224.0,0.3494414725472753,10,141.0,0.3183490043377043,21,365.0
515.0,20,181.0,3.175438596491228,6.108406942742386,13,265.0,0.37073069518947227,7,99.0,0.43898984237409805,20,364.0
520.0,24,288.0,5.052631578947368,6.4227239015830495,15,314.0,0.3821082593194768,9,127.0,0.4876841759591069,24,441.0
525.0,23,274.0,4.724137931034483,4.66980438189544,15,338.0,0.27996338753575317,8,133.0,0.3226992484498409,23,471.0
530.0,17,245.0,4.224137931034483,5.694969699415449,10,323.0,0.29447276773278663,7,108.0,0.32941363957392933,17,431.0
535.0,17,276.0,5.0181818181818185,5.52651110875876,12,354.0,0.24321512467193504,5,100.0,0.24155800742376077,17,454.0
540.0,27,391.0,7.377358490566038,4.753571847864934,16,413.0,0.1289337363285367,11,139.0,0.2914512957034077,27,552.0
545.0,26,444.0,9.061224489795919,3.9235190029070703,19,479.0,0.12647344656464787,7,167.0,0.3411691135439797,26,646.0
550.0,23,500.0,10.416666666666666,5.2058313952933855,16,509.0,0.13363618034070235,7,179.0,0.5314172980174179,23,688.0
555.0,19,412.0,8.408163265306122,5.260403140566837,15,536.0,0.14746803075795534,4,118.0,0.5002404378175772,19,654.0
560.0,16,372.0,7.44,5.835497722248038,11,507.0,0.22349147338063732,5,37.0,0.4254670770812321,16,544.0
565.0,17,269.0,5.2745098039215685,6.265765472095065,9,406.0,0.33385623905271067,8,52.0,0.3852927049768768,17,458.0
570.0,16,122.0,2.1785714285714284,6.95871604008998,8,286.0,0.3946497740603567,8,80.0,0.4314305826408184,16,366.0
575.0,13,145.0,2.685185185185185,7.240239746002281,9,250.0,0.306647022601283,4,64.0,0.5913366753817507,13,314.0
580.0,18,139.0,2.482142857142857,6.387442436542628,12,258.0,0.31432028174493604,6,63.0,0.4855971213985869,18,321.0
585.0,24,217.0,3.9454545454545453,5.804519147874133,12,268.0,0.34203221499199454,12,110.0,0.37880597560425705,24,378.0
590.0,23,225.0,4.245283018867925,5.034089026252351,9,254.0,0.36303457010675055,14,160.0,0.3205492051500996,23,414.0
595.0,22,231.0,4.052631578947368,5.209840712876106,8,189.0,0.3197097078243767,14,204.0,0.2786776125073898,22,393.0
600.0,24,240.0,4.0,5.374714558190603,9,179.0,0.3680494264988768,15,229.0,0.28519458335803183,24,408.0
605.0,20,242.0,3.903225806451613,6.067971086537871,12,185.0,0.28950104717641967,8,199.0,0.3762674141561493,20,384.0
610.0,16,220.0,3.793103448275862,5.447750128030703,11,211.0,0.2788020609424619,5,186.0,0.40957489825342047,16,397.0
615.0,26,328.0,5.377049180327869,5.711681854302918,14,248.0,0.342842153334674,12,218.0,0.3977005858166594,26,466.0
620.0,23,366.0,6.1,5.3007808088070245,10,231.0,0.367780004845976,13,259.0,0.37094774370856604,23,490.0
625.0,16,338.0,5.633333333333334,5.534101641587651,6,183.0,0.27325593661485964,10,264.0,0.3543715994557374,16,447.0
630.0,20,184.0,3.0163934426229506,5.169201813320311,9,178.0,0.19176537194239912,11,200.0,0.2535083922306301,20,378.0
635.0,29,222.0,3.5806451612903225,4.996965199203611,14,165.0,0.17353897457596157,15,193.0,0.2464074762960452,29,358.0
640.0,25,285.0,4.523809523809524,4.852073414621426,12,180.0,0.21912611238630517,13,238.0,0.3080434808666397,25,418.0
645.0,20,307.0,5.385964912280702,5.847900215469367,6,156.0,0.4032150227559612,14,280.0,0.338773280963946,20,436.0
650.0,19,295.0,4.916666666666667,5.3270134826197655,6,156.0,0.39604408740524333,13,294.0,0.2663010084514969,19,450.0
655.0,24,303.0,4.734375,5.223029470067053,12,187.0,0.2637606194276539,12,266.0,0.3071863215679152,24,453.0
660.0,24,372.0,6.098360655737705,4.07408176064995,12,217.0,0.16005058228814315,12,311.0,0.28365240045362083,24,528.0
665.0,22,422.0,7.1525423728813555,5.3716898907143245,8,219.0,0.2949321734820281,14,354.0,0.28271232138473573,22,573.0
670.0,18,237.0,4.157894736842105,4.659865835929702,2,142.0,0.4019886055067305,16,373.0,0.11383135582760304,18,515.0
675.0,27,270.0,4.5,5.0235521696218,8,83.0,0.3555680339206387,19,362.0,0.15535611567068516,27,445.0
680.0,24,304.0,4.983606557377049,4.939112004456372,9,100.0,0.34930237080773346,15,380.0,0.27636104227922853,24,480.0
685.0,18,288.0,4.9655172413793105,5.598044222833933,6,94.0,0.38599907724083377,12,333.0,0.2685641893923409,18,427.0
690.0,16,210.0,3.559322033898305,5.308514738533393,5,85.0,0.3363809379266331,11,282.0,0.21157027818060525,16,367.0
695.0,23,240.0,3.8095238095238093,5.999960888313208,10,121.0,0.21115746054647147,13,249.0,0.3387956595034803,23,370.0
700.0,24,226.0,3.896551724137931,5.733343174381013,13,153.0,0.30807739997157707,11,251.0,0.39308544320514627,24,404.0
705.0,17,234.0,3.9661016949152543,6.3642442500436704,5,138.0,0.44017076370261593,12,224.0,0.28298264808439305,17,362.0
710.0,19,267.0,4.52542372881356,5.71602414011011,6,164.0,0.4573980222234568,13,235.0,0.14736470704971905,19,399.0
715.0,27,317.0,5.19672131147541,4.167826868958216,12,212.0,0.30793759902322376,15,251.0,0.050550095519547124,27,463.0
720.0,27,358.0,5.868852459016393,4.0690849814176255,14,253.0,0.29847860925030045,13,264.0,0.11191751765796543,27,517.0
725.0,17,328.0,5.559322033898305,5.356984895812298,8,252.0,0.30649047524457923,9,261.0,0.21766259041824754,17,513.0
730.0,16,344.0,5.639344262295082,5.388884590616975,9,260.0,0.26840155597323795,7,249.0,0.17606570813045777,16,509.0
735.0,24,310.0,4.84375,5.696080976885122,13,242.0,0.29877088332757284,11,248.0,0.2589379893504855,24,490.0
740.0,26,329.0,5.306451612903226,5.312974019752935,16,264.0,0.2961721356673988,10,249.0,0.3652557467037032,26,513.0
745.0,28,402.0,6.28125,5.245485248091306,19,330.0,0.240924717208852,9,242.0,0.47185357441343145,28,572.0
750.0,23,391.0,6.409836065573771,5.0543740696656165,14,353.0,0.2613864139813483,9,239.0,0.334925617169644,23,592.0
755.0,24,281.0,4.60655737704918,4.492947617497703,11,256.0,0.24099526070552854,13,231.0,0.2483826419729297,24,487.0
760.0,30,308.0,5.049180327868853,4.6301976481752725,17,249.0,0.2102285492442644,13,230.0,0.35504771432948196,30,479.0
765.0,29,327.0,5.637931034482759,3.7171917377001202,20,310.0,0.10669974810209865,9,197.0,0.29713439524942475,29,507.0
770.0,23,334.0,5.758620689655173,4.343469702304032,14,331.0,0.13546417445893602,9,205.0,0.25344398974210663,23,536.0
775.0,22,340.0,5.666666666666667,5.194018156883555,11,330.0,0.21999383083908272,11,196.0,0.12735346848282122,22,526.0
780.0,26,326.0,5.344262295081967,6.04682136971346,15,342.0,0.24578163534454264,11,208.0,0.3207359310086784,26,550.0
785.0,26,347.0,5.596774193548387,6.478720218252844,15,366.0,0.29951911992784414,11,230.0,0.4815541186197076,26,596.0
790.0,24,338.0,5.728813559322034,5.805507378219624,15,345.0,0.34222402640808774,9,261.0,0.4112696956154609,24,606.0
795.0,27,352.0,6.068965517241379,4.624963928399611,12,347.0,0.33519524635032466,15,279.0,0.28123516216300676,27,626.0
800.0,31,392.0,6.426229508196721,4.136272871192284,16,365.0,0.2590222389836928,15,272.0,0.2811782358918307,31,637.0
805.0,23,266.0,4.03030303030303,4.958246479038335,16,378.0,0.24907872535397627,7,172.0,0.38089217415301746,23,550.0
810.0,19,216.0,3.085714285714286,6.302663849745002,11,307.0,0.2773770954330968,8,143.0,0.4298458829674737,19,450.0
815.0,19,264.0,3.7714285714285714,7.027911772512321,10,286.0,0.2708976613877268,9,145.0,0.3823901540235306,19,431.0
820.0,22,308.0,4.4,6.3005787436249605,14,304.0,0.14251153668004088,8,166.0,0.3524604533252269,22,470.0
825.0,30,296.0,4.698412698412699,5.150119710916366,16,307.0,0.13582371236236118,14,170.0,0.29410326349193866,30,477.0
830.0,26,317.0,5.283333333333333,5.496886706846419,15,275.0,0.20753404416389282,11,177.0,0.34551580779089697,26,452.0
835.0,26,378.0,6.406779661016949,4.83364110946111,12,298.0,0.2174685003641434,14,204.0,0.2706321600487192,26,502.0
840.0,29,451.0,7.6440677966101696,4.812676651094822,13,338.0,0.30733446952509896,16,249.0,0.24072096007625884,29,587.0
845.0,22,396.0,6.491803278688525,5.230198280366208,12,302.0,0.2806388143610364,10,232.0,0.29218842477673146,22,534.0
850.0,15,164.0,2.6885245901639343,5.979342100112117,5,191.0,0.26043422888792367,10,196.0,0.3792462442226029,15,387.0
855.0,17,210.0,3.442622950819672,6.971358913648831,5,126.0,0.4622096437282262,12,175.0,0.2774993576570946,17,301.0
860.0,18,270.0,4.5,6.471423388592604,5,113.0,0.5529081291373288,13,208.0,0.09151053770481117,18,321.0
865.0,16,305.0,5.754716981132075,6.254019785520382,5,127.0,0.47273515747317585,11,226.0,0.12725775281739274,16,353.0
870.0,16,270.0,5.294117647058823,5.578907199150706,8,164.0,0.2732582924654901,8,200.0,0.22750384515612068,16,364.0
875.0,19,294.0,5.88,5.935596614910017,8,194.0,0.2960031972306125,11,164.0,0.30201485811630946,19,358.0
880.0,14,324.0,6.75,6.65420850668125,4,191.0,0.4227182486334884,10,190.0,0.37436740904091453,14,381.0
885.0,13,209.0,4.26530612244898,7.274302361263551,3,110.0,0.5694792488048223,10,201.0,0.3479943794867417,13,311.0
890.0,14,202.0,4.122448979591836,6.729696586123264,3,55.0,0.4597252417080457,11,214.0,0.32518130431148906,14,269.0
895.0,14,200.0,4.3478260869565215,6.599610953103179,6,80.0,0.3909305171348459,8,174.0,0.339685941163144,14,254.0
900.0,12,105.0,2.282608695652174,5.499197983818564,4,80.0,0.31866103931640405,8,107.0,0.2995019606919946,12,187.0
905.0,15,144.0,2.938775510204082,6.9403884166427465,2,69.0,0.4539791151420271,13,129.0,0.3409198143836507,15,198.0
910.0,14,123.0,2.46,6.918246910805484,3,23.0,0.5199349002616329,11,149.0,0.33455063148203606,14,172.0
915.0,10,139.0,2.8958333333333335,7.686944124636292,4,42.0,0.46086808596511125,6,142.0,0.4127185027113911,10,184.0
920.0,14,161.0,3.744186046511628,6.403031944877625,6,67.0,0.3921742334560971,8,129.0,0.3349704461211911,14,196.0
925.0,19,247.0,5.880952380952381,6.1815473863845725,7,103.0,0.3519306980304846,12,181.0,0.32311095108251275,19,284.0
930.0,17,182.0,4.232558139534884,5.406648871846286,5,106.0,0.4594375006929554,12,168.0,0.2028424040620495,17,274.0
935.0,19,208.0,4.9523809523809526,5.496412635175103,8,118.0,0.4202956497403919,11,168.0,0.2943163338607659,19,286.0
940.0,17,219.0,5.093023255813954,4.838066872543666,7,150.0,0.39649715444389727,10,178.0,0.25026734507805665,17,328.0
945.0,14,211.0,4.48936170212766,6.524897154283357,8,180.0,0.40709858767597074,6,144.0,0.37956471696052607,14,324.0
950.0,14,171.0,3.489795918367347,7.012225848973567,7,150.0,0.2498048436097471,7,126.0,0.5501147715170008,14,276.0
955.0,10,137.0,2.795918367346939,7.4641442492751775,4,89.0,0.4025582917334122,6,131.0,0.3986811468783329,10,220.0
960.0,15,124.0,2.7555555555555555,6.2345095309365535,4,65.0,0.4301576536681512,11,119.0,0.20582354805897637,15,184.0
965.0,16,168.0,3.9069767441860463,5.369760468763876,7,81.0,0.3375420668859098,9,158.0,0.20750956258679365,16,239.0
970.0,14,197.0,4.804878048780488,5.767717918520136,5,77.0,0.37159109797845463,9,177.0,0.27678613232597477,14,254.0
975.0,11,145.0,3.2954545454545454,7.030107816934474,4,55.0,0.39570828495201826,7,137.0,0.38360834022296836,11,192.0
980.0,12,182.0,4.044444444444444,7.846245762471137,4,70.0,0.5626032852732407,8,142.0,0.2676518382774609,12,212.0
985.0,13,170.0,3.8636363636363638,8.00074531666226,5,93.0,0.5959990365253808,8,123.0,0.289045572274301,13,216.0
990.0,12,170.0,3.953488372093023,7.688338935832863,3,77.0,0.5968252102550925,9,150.0,0.3784576083627677,12,227.0
995.0,17,192.0,4.571428571428571,6.669941410365548,9,88.0,0.4995066443316096,8,160.0,0.4216735331409954,17,248.0
1000.0,17,225.0,5.0,5.465509564522765,9,99.0,0.3856706511540291,8,159.0,0.3934328099715621,17,258.0
1005.0,20,220.0,4.583333333333333,5.128676667249502,15,156.0,0.3103184067753671,5,132.0,0.37084186544040837,20,288.0
1010.0,22,215.0,4.3,5.174562983913823,16,200.0,0.2024495680453055,6,72.0,0.4465207634338993,22,272.0
1015.0,16,228.0,4.470588235294118,5.96621527452522,9,207.0,0.23527912155713693,7,78.0,0.35854576854560816,16,285.0
1020.0,12,132.0,2.4444444444444446,5.9338124667584955,7,163.0,0.31273308001706884,5,70.0,0.15607660161870446,12,233.0
1025.0,18,196.0,3.69811320754717,6.776205091130065,12,174.0,0.2878893642979491,6,83.0,0.39400411649759626,18,257.0
1030.0,16,179.0,3.6530612244897958,6.860633163687264,13,211.0,0.31590177072445635,3,52.0,0.626624264739568,16,263.0
1035.0,12,190.0,4.042553191489362,7.550638259748803,9,198.0,0.3644901089349542,3,44.0,0.6597134045498051,12,242.0
1040.0,14,135.0,3.0,6.731579362474023,9,168.0,0.34271848185651493,5,63.0,0.5434052587748253,14,231.0
1045.0,16,116.0,2.5217391304347827,6.446677325870075,13,152.0,0.29755413731919816,3,41.0,0.5035177745678914,16,193.0
1050.0,15,153.0,3.25531914893617,6.400798076890655,12,171.0,0.29481320717550175,3,27.0,0.4452238821726372,15,198.0
1055.0,15,191.0,3.9791666666666665,7.439687785418317,9,160.0,0.38936227964812575,6,56.0,0.38276043214900635,15,216.0
1060.0,9,126.0,2.52,7.462618930806467,6,155.0,0.4233246576992978,3,49.0,0.3484019476315155,9,204.0
1065.0,15,145.0,2.9591836734693877,7.728053235362232,9,114.0,0.3986806855363885,6,63.0,0.4675929031708858,15,177.0
1070.0,13,163.0,3.6222222222222222,6.4872271586879355,9,143.0,0.18519461252067476,4,59.0,0.6464559212203256,13,202.0
1075.0,15,221.0,4.604166666666667,7.069047282869557,10,182.0,0.23678397210701227,5,84.0,0.6345224851434034,15,266.0
1080.0,15,188.0,4.086956521739131,5.6917417037605595,9,196.0,0.24101842953272568,6,56.0,0.5009560591331244,15,252.0
1085.0,18,226.0,4.612244897959184,5.968247324383685,8,176.0,0.33979624477445847,10,93.0,0.3493703190958221,18,269.0
1090.0,15,184.0,4.0,5.7719568238895755,6,170.0,0.368377470431963,9,100.0,0.22661437797359146,15,270.0
1095.0,16,212.0,4.51063829787234,6.666120188150816,8,170.0,0.34191391503116725,8,81.0,0.2868178190967521,16,251.0
1100.0,13,212.0,4.818181818181818,5.648965387049895,8,191.0,0.17147361315145682,5,84.0,0.37557741247116566,13,275.0
1105.0,17,268.0,5.955555555555556,7.159426704738478,9,195.0,0.3382288202701965,8,117.0,0.454681516460568,17,312.0
1110.0,12,201.0,4.674418604651163,6.00078041296554,6,183.0,0.37757375683142064,6,95.0,0.39066285008751994,12,278.0
1115.0,14,198.0,4.5,7.130196933932138,6,156.0,0.5518291256773837,8,88.0,0.29144111333728717,14,244.0
1120.0,14,192.0,4.465116279069767,5.5359684217631635,7,180.0,0.4378595754472933,7,88.0,0.1119561702007658,14,268.0
1125.0,14,214.0,5.095238095238095,6.627647630795312,10,209.0,0.3951616312834061,4,67.0,0.32052664903288386,14,276.0
1130.0,13,239.0,5.829268292682927,6.866652796511682,8,224.0,0.3306300679989749,5,65.0,0.46517943802739,13,289.0
1135.0,15,250.0,5.9523809523809526,6.498392522292844,10,237.0,0.2944049404203164,5,67.0,0.4321680811630947,15,304.0
1140.0,14,146.0,3.7435897435897436,6.549550508680501,9,160.0,0.37191672247031443,5,63.0,0.45976272855769157,14,223.0
1145.0,18,155.0,3.9743589743589745,5.370535183701225,13,160.0,0.25874546157943584,5,40.0,0.45592717838314906,18,200.0
1150.0,15,151.0,3.4318181818181817,5.896730785386936,9,159.0,0.3332323043404951,6,66.0,0.45070472581916493,15,225.0
1155.0,12,103.0,1.9074074074074074,7.1916939888078115,8,123.0,0.39046871300435,4,54.0,0.526600156353395,12,177.0
1160.0,7,77.0,1.4807692307692308,8.3288618621138,4,110.0,0.44985536275299826,3,37.0,0.623861815323357,7,147.0
1165.0,13,101.0,1.8703703703703705,7.358529809329481,10,98.0,0.24239762018697705,3,50.0,0.5533238206898463,13,148.0
1170.0,17,161.0,3.0961538461538463,6.662286769637873,10,121.0,0.382961587894474,7,79.0,0.4299099918220172,17,200.0
1175.0,16,191.0,3.9791666666666665,6.18492223019588,7,126.0,0.4825391068451444,9,108.0,0.34054651088655086,16,234.0
1180.0,15,225.0,4.591836734693878,5.500270103137369,6,136.0,0.39465535553917264,9,142.0,0.27096697638669215,15,278.0
1185.0,20,247.0,4.94,5.189542601083649,10,162.0,0.26423975739206207,10,152.0,0.23911556551238494,20,314.0
1190.0,18,265.0,5.638297872340425,5.37799962570105,11,191.0,0.14596633085174773,7,121.0,0.362879992437654,18,312.0
1195.0,12,258.0,5.48936170212766,5.674844711842867,7,199.0,0.21144271155018216,5,118.0,0.20697104147234444,12,317.0
1200.0,12,161.0,3.2857142857142856,6.6202553232833905,4,118.0,0.32571168755062946,8,125.0,0.2962561776016552,12,243.0
1205.0,15,144.0,3.130434782608696,6.976098835015887,8,114.0,0.339954420028812,7,87.0,0.368594899504926,15,201.0
1210.0,14,189.0,4.295454545454546,6.785475039126959,7,133.0,0.38760159538186095,7,115.0,0.43384520745374844,14,248.0
1215.0,12,184.0,4.088888888888889,6.672383414142853,4,110.0,0.43644276781643165,8,127.0,0.37357055178502024,12,237.0
1220.0,14,234.0,5.318181818181818,6.149805329132729,5,131.0,0.40519764107939826,9,151.0,0.3469577671341662,14,282.0
1225.0,17,212.0,4.608695652173913,6.021046718320224,9,168.0,0.4181485654106507,8,131.0,0.35379374475593495,17,299.0
1230.0,14,241.0,5.239130434782608,6.016151648931787,7,188.0,0.39100754413983424,7,102.0,0.3969159665701801,14,290.0
1235.0,14,214.0,4.7555555555555555,6.029355522057564,6,171.0,0.3135896388240644,8,91.0,0.3665183551452063,14,262.0
1240.0,16,145.0,2.9591836734693877,6.137540373103219,9,80.0,0.24041125109001318,7,93.0,0.3126960096101978,16,173.0
1245.0,20,200.0,4.081632653061225,6.2313792167144095,13,136.0,0.2911172242252529,7,103.0,0.33428062759290517,20,239.0
1250.0,15,244.0,5.304347826086956,6.726275920471987,9,167.0,0.2954575414595173,6,108.0,0.5101285633560182,15,275.0
1255.0,12,213.0,4.733333333333333,7.204094360687556,7,160.0,0.3530053646083003,5,104.0,0.4939787251544463,12,264.0
1260.0,15,177.0,4.214285714285714,5.85397085739647,7,146.0,0.297369596163181,8,74.0,0.2919704161682703,15,220.0
1265.0,14,183.0,4.159090909090909,6.754849749653769,8,148.0,0.45082177045925775,6,76.0,0.2703768232764802,14,224.0
1270.0,12,115.0,2.5,6.723353591111495,6,90.0,0.40868808545783347,6,71.0,0.4415721240566258,12,161.0
1275.0,15,142.0,2.784313725490196,7.396630808166378,10,117.0,0.47920670919918357,5,73.0,0.5706046521346906,15,190.0
1280.0,13,123.0,2.411764705882353,7.635703167254756,8,120.0,0.5104838563151357,5,74.0,0.6296103525363852,13,194.0
1285.0,9,107.0,2.14,6.4185435144969745,5,93.0,0.3940061484636152,4,57.0,0.49353042169397715,9,150.0
1290.0,16,94.0,1.8076923076923077,5.192713417100175,8,75.0,0.2524308265437403,8,66.0,0.2177001868910528,16,141.0
1295.0,18,154.0,2.8,5.967531951189701,12,100.0,0.16015928912587749,6,97.0,0.3775319782354757,18,197.0
1300.0,19,224.0,4.148148148148148,6.921885379563475,13,149.0,0.32047423993506213,6,119.0,0.48882330486550984,19,268.0
1305.0,11,211.0,3.8363636363636364,8.135162425252586,8,168.0,0.43408405930428645,3,100.0,0.590773456400431,11,268.0
1310.0,15,198.0,3.8823529411764706,6.841641633150949,9,175.0,0.3712194553970647,6,107.0,0.4017490189334549,15,282.0
1315.0,16,130.0,2.6,6.299691100373512,12,168.0,0.27031727033798336,4,57.0,0.4672889457067827,16,225.0
1320.0,19,149.0,2.8653846153846154,5.852228682996724,13,182.0,0.23890779664831474,6,75.0,0.5135514318104,19,257.0
1325.0,21,190.0,3.5185185185185186,5.967418151076528,17,239.0,0.24774412918971203,4,58.0,0.5360567825417473,21,297.0
1330.0,19,195.0,3.6792452830188678,6.098477349653041,15,271.0,0.2682762344244932,4,29.0,0.5498323613239302,19,300.0
1335.0,17,194.0,3.5925925925925926,7.07811935958501,11,246.0,0.3109155534406411,6,51.0,0.392272690105683,17,297.0
1340.0,17,185.0,3.5576923076923075,5.912091277385396,11,264.0,0.1955438923369563,6,65.0,0.18815330262012317,17,329.0
1345.0,19,193.0,3.7115384615384617,6.333638410547142,13,279.0,0.21530747368400116,6,71.0,0.3938623306707953,19,350.0
1350.0,16,205.0,4.183673469387755,5.597990290466096,12,292.0,0.2523402508125276,4,69.0,0.4803255807517576,16,361.0
1355.0,17,263.0,5.717391304347826,7.35667047164105,13,302.0,0.36486357727489943,4,70.0,0.6161445221710837,17,372.0
1360.0,17,245.0,5.444444444444445,5.321171083534224,12,278.0,0.22288386067260585,5,93.0,0.40263118040174734,17,371.0
1365.0,22,230.0,4.6,5.077659540571993,14,243.0,0.18796690890067688,8,100.0,0.27744716386286894,22,343.0
1370.0,24,261.0,5.117647058823529,5.128908739534992,13,267.0,0.23085823647505244,11,150.0,0.3345720642028878,24,417.0
1375.0,22,292.0,5.84,5.946324136016115,15,297.0,0.25431641864322796,7,150.0,0.47063149131257254,22,447.0
1380.0,17,272.0,5.44,5.609452080644552,12,323.0,0.15787322613814897,5,100.0,0.5302470012918885,17,423.0
1385.0,14,256.0,5.019607843137255,6.7605970354821086,10,306.0,0.3389230875284273,4,91.0,0.4209054849779736,14,397.0
1390.0,22,273.0,5.6875,5.252922419767174,11,295.0,0.3706510384612319,11,128.0,0.20156899708766296,22,423.0
1395.0,20,194.0,3.88,5.9056374168670756,9,252.0,0.48215842315624086,11,129.0,0.205083525877756,20,381.0
1400.0,16,160.0,3.3333333333333335,5.7072108025144805,8,219.0,0.46382208202719855,8,131.0,0.24472487722055133,16,350.0
1405.0,15,153.0,3.06,5.907680064662905,11,201.0,0.36289557921209253,4,116.0,0.3840134783028315,15,317.0
1410.0,19,137.0,2.5849056603773586,6.017536238571016,14,217.0,0.2588256098746993,5,61.0,0.45733564846691344,19,278.0
1415.0,23,224.0,4.226415094339623,6.13148226122382,17,257.0,0.17073857415439808,6,91.0,0.5707559349616704,23,348.0
1420.0,21,221.0,4.092592592592593,6.303004284586079,15,264.0,0.20516677246274523,6,99.0,0.5765250409904535,21,363.0
1425.0,16,202.0,3.740740740740741,6.153662476968435,11,258.0,0.30177318148226634,5,81.0,0.41385497607866517,16,339.0
1430.0,19,209.0,4.18,5.174700589972694,11,233.0,0.329250457038373,8,108.0,0.276432368930563,19,341.0
1435.0,22,256.0,5.019607843137255,6.257666668194303,10,200.0,0.36246052455685523,12,168.0,0.35474060164670135,22,368.0
1440.0,21,247.0,4.8431372549019605,4.499873649154693,12,228.0,0.14876763000207222,9,191.0,0.35772156602496447,21,419.0
1445.0,18,230.0,4.423076923076923,5.30713466740881,12,235.0,0.1611487999528547,6,164.0,0.4105829179378986,18,399.0
1450.0,20,300.0,5.660377358490566,5.693364464193079,11,256.0,0.17989250523078662,9,179.0,0.4567913854152642,20,435.0
1455.0,21,303.0,5.9411764705882355,5.956792338459482,14,284.0,0.1782877380545867,7,154.0,0.49509510051487404,21,438.0
1460.0,19,296.0,5.803921568627451,5.853035317893937,12,278.0,0.17885038752363727,7,154.0,0.522609894395018,19,432.0
1465.0,18,277.0,5.431372549019608,6.411845978336351,9,232.0,0.3006563695666237,9,181.0,0.4188938960784166,18,413.0
1470.0,19,298.0,5.622641509433962,5.694189638951756,9,232.0,0.34049857971409264,10,196.0,0.22956477168036857,19,428.0
1475.0,19,307.0,5.685185185185185,5.829398285391256,8,219.0,0.43743424173217227,11,225.0,0.24496023099381486,19,444.0
1480.0,16,236.0,4.214285714285714,6.4282937433767255,8,150.0,0.4254080402251255,8,236.0,0.3680118172944059,16,386.0
1485.0,21,216.0,3.6610169491525424,6.28408317773506,12,184.0,0.38822600069716096,9,201.0,0.3930375421035927,21,385.0
1490.0,23,222.0,3.7,5.710024040472181,12,175.0,0.3200148165319851,11,137.0,0.3523059498956689,23,312.0
1495.0,23,244.0,4.280701754385965,5.31333393104413,11,185.0,0.38372642547196645,12,151.0,0.1866892324540155,23,336.0
1500.0,28,278.0,4.87719298245614,4.456603733562361,15,207.0,0.30631678167158843,13,186.0,0.1460513461091271,28,393.0
1505.0,27,299.0,4.746031746031746,4.735228152043606,16,239.0,0.2757842623890407,11,197.0,0.26062750989164934,27,436.0
1510.0,22,259.0,4.17741935483871,5.8746196664253585,16,248.0,0.2482459806662222,6,152.0,0.5203140234987934,22,400.0
1515.0,26,264.0,4.258064516129032,5.256905502880787,19,270.0,0.20608472432891672,7,144.0,0.3948975419235269,26,414.0
1520.0,31,324.0,5.225806451612903,4.13189429016928,21,329.0,0.16712341267661351,10,139.0,0.3205550969292836,31,468.0
1525.0,29,304.0,5.066666666666666,4.297285494558521,16,336.0,0.24019851333345144,13,155.0,0.19931259273796034,29,491.0
1530.0,20,271.0,4.672413793103448,4.962202842012997,12,341.0,0.2499717565665594,8,159.0,0.2638546600724837,20,500.0
1535.0,22,274.0,4.892857142857143,4.801523100296194,16,362.0,0.17372520004221167,6,117.0,0.269465387008506,22,479.0
1540.0,25,366.0,6.203389830508475,5.5690927305255125,18,406.0,0.253769468720738,7,122.0,0.472777776627693,25,528.0
1545.0,17,320.0,5.161290322580645,6.736164140165279,12,385.0,0.31714572549442693,5,82.0,0.5413893401662471,17,467.0
1550.0,16,267.0,4.45,5.795414035759241,10,360.0,0.28563649080022624,6,82.0,0.35405763715291255,16,442.0
1555.0,22,202.0,3.2580645161290325,5.341173917926443,13,283.0,0.28685333445152444,9,99.0,0.2371672357772159,22,382.0
1560.0,24,268.0,4.39344262295082,5.338580111399465,14,312.0,0.3171985545705068,10,126.0,0.265151823068518,24,438.0
1565.0,18,247.0,4.116666666666666,5.640970937228819,11,305.0,0.310106331988069,7,104.0,0.3241858420669215,18,409.0
1570.0,17,155.0,2.6724137931034484,5.732456510468827,14,273.0,0.26803492907473625,3,63.0,0.4325027751482065,17,336.0
1575.0,19,208.0,3.4098360655737703,6.059613412888001,16,287.0,0.1467925091545437,3,51.0,0.5705287661916785,19,338.0
1580.0,21,197.0,3.283333333333333,5.802250828867016,20,321.0,0.1459598048241983,1,24.0,0.6962160774780461,21,345.0
1585.0,26,299.0,5.155172413793103,5.851177047583936,22,405.0,0.178423545305427,4,39.0,0.6386314865055794,26,444.0
1590.0,27,341.0,5.982456140350878,4.593771012438286,22,471.0,0.14189366602760164,5,34.0,0.45798699533770293,27,505.0
1595.0,24,352.0,6.175438596491228,5.068188128336422,15,470.0,0.22723401079500502,9,71.0,0.31670953632409937,24,541.0
1600.0,25,346.0,6.0701754385964914,4.514434165881345,16,451.0,0.25985793001006274,9,98.0,0.15156980559633684,25,549.0
1605.0,26,314.0,5.233333333333333,5.404798045567143,16,426.0,0.29550250334335326,10,142.0,0.2895252319563001,26,568.0
1610.0,20,273.0,4.403225806451613,5.421752502714289,13,450.0,0.29296023118717934,7,136.0,0.45047027625189834,20,586.0
1615.0,15,246.0,3.967741935483871,6.6340073556017325,13,431.0,0.24478792439471345,2,75.0,0.7064739203885168,15,506.0
1620.0,18,249.0,4.368421052631579,6.42061075143765,16,441.0,0.21959201531783062,2,42.0,0.5500401777430303,18,483.0
1625.0,27,282.0,4.862068965517241,5.5552464585431505,21,439.0,0.07241137673065426,6,69.0,0.4857964443120972,27,508.0
1630.0,26,337.0,6.127272727272727,4.650029207701037,21,482.0,0.035411985557381065,5,80.0,0.41544054210941306,26,562.0
1635.0,23,366.0,7.32,5.458804352673802,17,459.0,0.19854029499423323,6,95.0,0.4654095710160258,23,554.0
1640.0,22,234.0,4.5,4.764784990092048,16,453.0,0.22817465856266994,6,65.0,0.36305536022735435,22,518.0
1645.0,24,298.0,5.137931034482759,5.814294406827147,16,445.0,0.22250258175259047,8,77.0,0.4526905912496763,24,522.0
1650.0,22,324.0,5.684210526315789,5.636041285923356,17,458.0,0.2337931026584187,5,90.0,0.5068021821968598,22,548.0
1655.0,21,380.0,6.031746031746032,6.020888625310123,16,498.0,0.2914695272485518,5,86.0,0.4553339938256086,21,584.0
1660.0,23,425.0,6.746031746031746,5.547155179381243,16,538.0,0.343985331778397,7,74.0,0.28856054135237286,23,612.0
1665.0,29,553.0,8.777777777777779,6.061175486463188,18,624.0,0.3573388414738056,11,113.0,0.3122020898188659,29,737.0
1670.0,27,456.0,7.238095238095238,4.049911809957341,18,609.0,0.1966227950759892,9,126.0,0.2277782688939474,27,735.0
1675.0,25,337.0,5.349206349206349,5.553645638943908,18,497.0,0.2171874061809667,7,125.0,0.39332010112331944,25,622.0
1680.0,25,321.0,4.938461538461539,4.916136444091512,17,466.0,0.18857499965246396,8,153.0,0.3187040286934026,25,619.0
1685.0,28,351.0,5.2388059701492535,5.645412371175347,17,402.0,0.2509814666306413,11,189.0,0.3119746263283308,28,591.0
1690.0,28,390.0,6.190476190476191,5.091267030137347,17,452.0,0.2738758611700106,11,216.0,0.3300242675214441,28,668.0
1695.0,28,482.0,7.415384615384616,5.167834224808108,19,484.0,0.24951146456532014,9,229.0,0.38191884365709733,28,713.0
1700.0,31,510.0,7.611940298507463,4.361236138897873,18,490.0,0.16467518424080735,13,251.0,0.34870616807646077,31,741.0
1705.0,30,572.0,8.537313432835822,5.317838639151461,17,464.0,0.25074776056671505,13,280.0,0.38587317840748003,30,744.0
1710.0,29,481.0,7.634920634920635,3.230781445241596,16,473.0,0.21378325907892692,13,230.0,0.14528887460397544,29,703.0
1715.0,30,536.0,7.882352941176471,4.868102225816666,14,489.0,0.3032861485782871,16,214.0,0.24822730628984147,30,703.0
1720.0,30,618.0,8.82857142857143,5.529425537923207,16,532.0,0.34809766620667776,14,246.0,0.3063248426577361,30,778.0
1725.0,28,570.0,8.142857142857142,5.363578197257951,18,549.0,0.22584732648934908,10,236.0,0.3973123562644714,28,785.0
1730.0,30,403.0,6.014925373134329,3.8973459053122945,20,514.0,0.077683015052532,10,242.0,0.3496765644223141,30,756.0
1735.0,37,428.0,6.114285714285714,3.9516949156868284,19,534.0,0.16300796328239617,18,276.0,0.26754148887074736,37,810.0
1740.0,33,359.0,5.056338028169014,4.062230693813053,15,512.0,0.23460062298428083,18,267.0,0.17952781196419149,33,779.0
1745.0,33,360.0,4.931506849315069,4.540868010146923,15,509.0,0.29551706249434445,18,276.0,0.12435091156336874,33,785.0
1750.0,38,447.0,6.123287671232877,4.601288231378455,20,543.0,0.25831873962486496,18,313.0,0.16064963846254468,38,856.0
1755.0,31,451.0,6.178082191780822,5.003593605940989,19,602.0,0.2391198205106613,12,288.0,0.28768024539652,31,890.0
1760.0,24,409.0,5.680555555555555,5.167320885640862,16,623.0,0.22085700649549753,8,266.0,0.3091293648944471,24,889.0
1765.0,29,407.0,5.652777777777778,4.90111397005495,17,647.0,0.2157921555143954,12,235.0,0.28307231999031124,29,882.0
1770.0,34,437.0,6.242857142857143,4.5960114140078225,19,656.0,0.21120353607112086,15,263.0,0.2551641016831973,34,919.0
1775.0,27,443.0,6.712121212121212,4.825011481358774,18,648.0,0.1878098193523505,9,229.0,0.36277374390870476,27,877.0
1780.0,28,376.0,5.875,4.101572865304558,18,555.0,0.08283371464915884,10,231.0,0.30421088145036423,28,786.0
1785.0,30,387.0,6.046875,4.271456613161929,16,592.0,0.21101292213266207,14,277.0,0.28305061870434667,30,869.0
1790.0,28,340.0,5.3125,4.823197319765393,12,566.0,0.29355550972336203,16,292.0,0.2803356405087951,28,858.0
1795.0,28,430.0,6.935483870967742,4.759414800274484,12,529.0,0.253224944935664,16,313.0,0.272592154411138,28,842.0
1800.0,29,475.0,7.5396825396825395,4.504400816693526,15,459.0,0.18952932465985062,14,334.0,0.24500387773767154,29,793.0
1805.0,25,478.0,7.966666666666667,4.157026200299083,14,492.0,0.13681898144893292,11,309.0,0.27758787721055594,25,801.0
1810.0,25,403.0,6.396825396825397,4.685167945248353,12,495.0,0.26305250999373675,13,269.0,0.16959235331860115,25,764.0
1815.0,26,413.0,6.555555555555555,5.005923081818278,11,476.0,0.37493938706620783,15,263.0,0.11086736759744038,26,739.0
1820.0,30,407.0,6.564516129032258,4.7654916939474505,14,430.0,0.34612590825991213,16,297.0,0.2528772649898431,30,727.0
1825.0,31,514.0,8.03125,4.694578687080675,16,441.0,0.2528570760641552,15,337.0,0.3716118900017373,31,778.0
1830.0,28,547.0,8.682539682539682,4.215989075552437,16,428.0,0.26520748572748826,12,336.0,0.33371542897859496,28,764.0
1835.0,24,355.0,5.461538461538462,4.909454780389999,16,365.0,0.24855800196464092,8,262.0,0.3894542225468477,24,627.0
1840.0,30,424.0,6.3283582089552235,4.615153100124267,19,345.0,0.21725529770290247,11,285.0,0.3067934415520975,30,630.0
1845.0,35,470.0,6.911764705882353,4.374961539656367,19,379.0,0.28088701137331584,16,313.0,0.23290221262348046,35,692.0
1850.0,30,334.0,4.638888888888889,4.58585938887801,10,338.0,0.3985179248038351,20,313.0,0.13494235951358813,30,651.0
1855.0,34,374.0,4.986666666666666,4.76635299188813,14,364.0,0.3808333097773375,20,291.0,0.1424852339320545,34,655.0
1860.0,34,417.0,5.4868421052631575,4.432981160192187,16,391.0,0.301083533191351,18,319.0,0.2147357504817103,34,710.0
1865.0,28,350.0,4.487179487179487,4.2216819563765124,19,442.0,0.15088883861175872,9,290.0,0.31045366195747276,28,732.0
1870.0,34,444.0,6.0,4.726870238875724,24,522.0,0.11387026387487943,10,280.0,0.3755734700621919,34,802.0
1875.0,34,487.0,6.493333333333333,4.162371986291054,23,559.0,0.02553273960810136,11,276.0,0.3466477686899475,34,835.0
1880.0,33,474.0,6.493150684931507,4.262430121488198,18,532.0,0.13597329481151016,15,294.0,0.22778167362206303,33,826.0
1885.0,31,531.0,7.695652173913044,4.181134342768752,12,507.0,0.2614976650801496,19,345.0,0.14414921004756784,31,852.0
1890.0,35,625.0,9.328358208955224,3.969736411289667,14,518.0,0.2217139966224621,21,404.0,0.22865342126881064,35,922.0
1895.0,35,564.0,8.294117647058824,4.146950677836338,15,461.0,0.31345925588363505,20,441.0,0.25397195025701524,35,902.0
1900.0,26,427.0,6.279411764705882,4.549063148012034,13,387.0,0.23364086077789226,13,405.0,0.312181263182648,26,792.0
1905.0,22,330.0,4.647887323943662,4.719884422919371,14,385.0,0.20008523823356086,8,298.0,0.3591910303967071,22,683.0
1910.0,24,320.0,4.571428571428571,5.349652381081022,11,348.0,0.28855962158696913,13,276.0,0.3187559370779669,24,624.0
1915.0,26,270.0,3.8028169014084505,4.212132427513511,9,298.0,0.32884104873935177,17,304.0,0.16516887542714767,26,602.0
1920.0,29,311.0,4.1466666666666665,4.900267775068495,14,226.0,0.22657026919260184,15,319.0,0.27401083728642045,29,545.0
1925.0,30,312.0,4.16,4.656270156114956,17,251.0,0.17222457319405785,13,308.0,0.32245516059481893,30,559.0
1930.0,28,349.0,4.780821917808219,4.6427170747377415,9,265.0,0.2775772525545403,19,331.0,0.1787182218686458,28,596.0
1935.0,29,290.0,4.142857142857143,4.429591130351113,7,209.0,0.3609372742573956,22,360.0,0.12905025428708644,29,569.0
1940.0,33,377.0,5.385714285714286,4.706995021775412,11,172.0,0.27486654023270646,22,370.0,0.21715685308167607,33,542.0
1945.0,34,386.0,5.361111111111111,4.335847643345328,13,180.0,0.2333471009432636,21,419.0,0.2311806977289904,34,599.0
1950.0,31,402.0,5.826086956521739,4.640856888670412,18,223.0,0.19129759481188502,13,409.0,0.293630084249805,31,632.0
1955.0,28,350.0,5.072463768115942,4.40987522033188,17,268.0,0.16050269468086945,11,386.0,0.30548074694704974,28,654.0
1960.0,25,268.0,3.8285714285714287,5.111907158970264,10,262.0,0.32197148252284613,15,337.0,0.22374270043954556,25,599.0
1965.0,27,343.0,4.971014492753623,4.928229790251273,8,231.0,0.4512143188143058,19,375.0,0.12215195878576432,27,606.0
1970.0,20,290.0,4.461538461538462,5.185577328947537,7,175.0,0.4049211470231088,13,354.0,0.10333864033610736,20,529.0
1975.0,24,330.0,5.15625,4.675812242032888,10,167.0,0.21073579568653145,14,368.0,0.1659786716586995,24,535.0
1980.0,31,423.0,6.507692307692308,4.7149332298178805,15,198.0,0.23547860960680958,16,419.0,0.20116190870124193,31,617.0
1985.0,23,464.0,7.365079365079365,5.521322235940046,9,188.0,0.4062994531543206,14,441.0,0.20508832974437885,23,629.0
1990.0,19,435.0,7.5,5.466877358414111,7,153.0,0.35955287849868667,12,448.0,0.18283973313577703,19,601.0
1995.0,22,418.0,7.206896551724138,5.73169226811911,11,145.0,0.24395910967123918,11,424.0,0.21657395727071785,22,569.0
2000.0,24,481.0,8.016666666666667,6.068734058390744,11,180.0,0.22669762809540617,13,417.0,0.34396297682627974,24,597.0
2005.0,19,422.0,7.535714285714286,6.351809777515409,7,185.0,0.41944311745558577,12,397.0,0.3216768384294983,19,582.0
2010.0,16,226.0,3.896551724137931,6.448340364634884,5,137.0,0.5134565736927383,11,304.0,0.2675791352977994,16,441.0
2015.0,19,156.0,2.736842105263158,5.477778535170671,8,97.0,0.42286712061796056,11,306.0,0.22586078411045085,19,403.0
2020.0,27,259.0,4.625,4.123472541081254,11,137.0,0.24046509837441887,16,349.0,0.27492294564927044,27,486.0
2025.0,23,237.0,4.086206896551724,4.340566768313183,9,151.0,0.280088992242606,14,355.0,0.24307982882561496,23,506.0
2030.0,17,190.0,3.2758620689655173,5.436811525559256,8,168.0,0.3472433782355626,9,307.0,0.26142069206213175,17,475.0
2035.0,18,177.0,2.95,5.773447945064828,11,186.0,0.28881664782065647,7,293.0,0.34310022850110844,18,479.0
2040.0,22,253.0,4.216666666666667,5.368559717292092,12,229.0,0.193648739656771,10,297.0,0.37894970655853477,22,526.0
2045.0,21,302.0,5.392857142857143,5.379691735010458,10,251.0,0.26242839969038,11,306.0,0.3242609994857485,21,557.0
2050.0,16,274.0,4.807017543859649,5.904328711923121,8,223.0,0.2593167379574054,8,291.0,0.30165611118564745,16,514.0
2055.0,21,297.0,5.4,6.009992518408671,12,223.0,0.2288661766646094,9,231.0,0.276478897294439,21,454.0
2060.0,25,247.0,4.75,4.8748250303587275,10,189.0,0.2790041328274851,15,148.0,0.2100933726418666,25,337.0
2065.0,25,318.0,6.489795918367347,4.713741192402578,11,206.0,0.33939274404068764,14,196.0,0.24903379293598238,25,402.0
2070.0,23,337.0,6.877551020408164,4.40581491710538,9,194.0,0.3199564598994079,14,230.0,0.27515786004646,23,424.0
2075.0,22,359.0,7.18,4.655408041851496,11,185.0,0.2937752229407889,11,252.0,0.26233603409028644,22,437.0
2080.0,17,262.0,5.24,5.559018646054137,10,180.0,0.33631725093174836,7,213.0,0.31183420927375316,17,393.0
2085.0,9,89.0,1.7115384615384615,6.257707808928838,5,86.0,0.33456512730769566,4,139.0,0.32990239167373175,9,225.0
2090.0,13,92.0,1.7037037037037037,5.999622980839605,6,82.0,0.3678766091666892,7,119.0,0.23806473200557493,13,201.0
2095.0,18,144.0,2.7169811320754715,6.508821835716914,9,102.0,0.41351612163852736,9,131.0,0.3161705568242789,18,233.0
2100.0,12,145.0,2.7358490566037736,6.723358616367533,9,109.0,0.3530632356766865,3,105.0,0.40866175791549175,12,214.0
2105.0,10,127.0,2.4423076923076925,6.317252036056459,5,92.0,0.34677480356704843,5,78.0,0.20818364516083254,10,170.0
2110.0,15,125.0,2.4038461538461537,6.380986113291076,6,78.0,0.3143769847262967,9,114.0,0.2607668301802928,15,192.0
2115.0,19,177.0,3.6875,6.304941256846203,11,108.0,0.2750421092472328,8,126.0,0.33909064275505924,19,234.0
2120.0,15,205.0,4.361702127659575,6.303281207544845,10,138.0,0.17181722962421708,5,112.0,0.45424529571699834,15,250.0
2125.0,12,217.0,4.931818181818182,6.6269257453164565,5,128.0,0.301617516906783,7,131.0,0.3099574582019491,12,259.0
2130.0,15,209.0,4.354166666666667,6.862298596087245,6,104.0,0.44307213342542284,9,172.0,0.1289248173986607,15,276.0
2135.0,13,189.0,4.609756097560975,7.317018537260555,6,101.0,0.5073033517133284,7,153.0,0.36936024208074625,13,254.0
2140.0,14,170.0,4.146341463414634,6.643268848064278,8,85.0,0.3688440129160518,6,132.0,0.47217571357959814,14,217.0
2145.0,15,176.0,4.631578947368421,5.389271359323156,10,127.0,0.2467833511099954,5,100.0,0.43819207787344827,15,227.0
2150.0,16,195.0,4.7560975609756095,6.130238787251193,8,142.0,0.30089459826127757,8,132.0,0.3999512097162578,16,274.0
2155.0,8,132.0,3.2195121951219514,6.892635868981732,4,105.0,0.43426451987824183,4,102.0,0.3950043523238454,8,207.0
2160.0,9,136.0,3.090909090909091,7.83878431647758,4,102.0,0.4546573061730051,5,71.0,0.45112515195492436,9,173.0
2165.0,13,160.0,3.6363636363636362,6.9818903937806995,8,121.0,0.3217455320238984,5,72.0,0.47565159223130576,13,193.0
2170.0,13,200.0,4.3478260869565215,7.095606272801133,8,145.0,0.345881870350847,5,90.0,0.5722327102310454,13,235.0
2175.0,12,229.0,4.978260869565218,6.817103602518313,8,161.0,0.3889322849555279,4,92.0,0.5524705016861635,12,253.0
2180.0,12,179.0,3.7291666666666665,6.689582931659832,5,108.0,0.38216348108774223,7,117.0,0.4649020382218561,12,225.0
2185.0,15,154.0,2.9615384615384617,7.182032125985316,7,103.0,0.43339551662068787,8,110.0,0.48110530907398474,15,213.0
2190.0,19,207.0,4.0588235294117645,6.005933297608299,9,141.0,0.41685801888207835,10,107.0,0.33218583911985117,19,248.0
2195.0,21,274.0,5.074074074074074,5.866994171402222,10,167.0,0.42092169815043196,11,152.0,0.33288410203610924,21,319.0
2200.0,19,312.0,5.777777777777778,5.318534735508159,8,187.0,0.3550845007198534,11,189.0,0.3617371437308495,19,376.0
2205.0,21,339.0,6.39622641509434,4.7077812976410796,11,190.0,0.32282927452366417,10,216.0,0.2745746157299756,21,406.0
2210.0,26,321.0,5.732142857142857,5.020738165695277,12,140.0,0.3426876332002366,14,264.0,0.17195693412713595,26,404.0
2215.0,26,304.0,5.527272727272727,4.771918134115883,12,137.0,0.3628592339780737,14,274.0,0.14057850759214294,26,411.0
2220.0,22,254.0,4.618181818181818,5.545901509362302,13,175.0,0.2791489405558192,9,223.0,0.29054125420612137,22,398.0
2225.0,25,278.0,5.450980392156863,4.313127720330198,17,211.0,0.17617729538639526,8,245.0,0.23412095871319624,25,456.0
2230.0,27,303.0,5.611111111111111,4.362291141364175,15,251.0,0.20102196283595858,12,260.0,0.25307422115459954,27,511.0
2235.0,21,208.0,3.6491228070175437,5.217576946055488,9,231.0,0.2947317590848126,12,259.0,0.3195025842280383,21,490.0
2240.0,20,257.0,4.672727272727273,5.869857910144227,8,211.0,0.361271693777242,12,248.0,0.3610821505778485,20,459.0
2245.0,18,259.0,4.389830508474576,5.5075713176350245,8,225.0,0.33206742579765514,10,234.0,0.29213561809998473,18,459.0
2250.0,18,210.0,3.5,6.134285280668045,10,229.0,0.2700960067502701,8,159.0,0.4521925472920504,18,388.0
2255.0,20,287.0,4.864406779661017,6.605132040574819,13,253.0,0.2768067074431401,7,154.0,0.44301992613306224,20,407.0
2260.0,19,267.0,4.603448275862069,5.4621702567341455,12,257.0,0.23899662168621247,7,142.0,0.32583177702740856,19,399.0
2265.0,19,296.0,5.381818181818182,5.880179689275091,8,237.0,0.37822636368516155,11,175.0,0.2285214113926453,19,412.0
2270.0,21,340.0,6.296296296296297,4.509597778761337,10,243.0,0.31653838115615224,11,212.0,0.14315512884027762,21,455.0
2275.0,20,388.0,6.689655172413793,6.329987589257075,11,259.0,0.3509301670309832,9,227.0,0.35264515878148345,20,486.0
2280.0,23,257.0,4.3559322033898304,5.528394087372316,13,180.0,0.2512296523401543,10,212.0,0.3643211877731156,23,392.0
2285.0,28,321.0,5.5344827586206895,5.124342910629696,17,245.0,0.2419084742089697,11,194.0,0.32752059460065597,28,439.0
2290.0,29,338.0,5.633333333333334,4.558059157763921,14,271.0,0.2808230500532924,15,231.0,0.24227464756375208,29,502.0
2295.0,26,362.0,6.033333333333333,5.333342869287185,11,247.0,0.3252733403843398,15,253.0,0.3049439184957736,26,500.0
2300.0,27,362.0,6.135593220338983,3.829784444167956,11,259.0,0.23456806547045161,16,277.0,0.1765119338153803,27,536.0
2305.0,28,379.0,5.921875,4.79799824660596,16,269.0,0.16300365579865048,12,262.0,0.28090256964132115,28,531.0
2310.0,23,332.0,4.955223880597015,5.48816685534478,15,320.0,0.2365447104368879,8,214.0,0.33708673536405276,23,534.0
2315.0,26,405.0,6.136363636363637,7.038602709201673,16,376.0,0.3863037269898557,10,184.0,0.4538027773764856,26,560.0
2320.0,24,425.0,6.4393939393939394,5.535683775484273,13,386.0,0.4254757245594829,11,203.0,0.23562212175269454,24,589.0
2325.0,18,388.0,5.969230769230769,6.022457097630203,8,340.0,0.3811196620422306,10,233.0,0.27105122934321807,18,573.0
2330.0,23,398.0,6.03030303030303,4.97142905989076,12,349.0,0.2312899243645061,11,251.0,0.2172935177869128,23,600.0
2335.0,31,495.0,7.615384615384615,5.124932115358368,17,404.0,0.14620000494939372,14,269.0,0.33289566452215014,31,673.0
2340.0,29,388.0,6.0625,4.688582779061667,17,335.0,0.19536758736401544,12,316.0,0.36309892705765007,29,651.0
2345.0,28,451.0,7.39344262295082,4.916593223916281,18,337.0,0.21676771573019943,10,335.0,0.33425161160184585,28,672.0
2350.0,27,409.0,6.704918032786885,4.040713478445032,18,357.0,0.14177770817843857,9,291.0,0.26413854735623615,27,648.0
2355.0,25,437.0,7.048387096774194,5.624739818020585,13,304.0,0.27897787706740584,12,297.0,0.34186189985096194,25,601.0
2360.0,22,304.0,5.333333333333333,5.277694972812409,13,336.0,0.2985817244591459,9,207.0,0.33480031760505424,22,543.0
2365.0,21,353.0,5.786885245901639,6.297726001697027,13,351.0,0.3364769860867907,8,162.0,0.33516027789760233,21,513.0
2370.0,20,210.0,3.230769230769231,6.016267921879792,15,346.0,0.32046211901049093,5,131.0,0.48171335165798534,20,477.0
2375.0,22,245.0,3.5,7.265156795404529,17,332.0,0.3639262315699588,5,92.0,0.6677917172739182,22,424.0
2380.0,21,248.0,3.701492537313433,5.768608864279569,16,330.0,0.28622102606538186,5,98.0,0.5115989179852574,21,428.0
2385.0,29,294.0,4.59375,4.485040480790813,19,307.0,0.17211416578548236,10,125.0,0.3114012348864227,29,432.0
2390.0,34,340.0,5.573770491803279,3.4917782807712747,20,310.0,0.15473169485706256,14,158.0,0.0807781988519382,34,468.0
2395.0,35,463.0,7.982758620689655,3.879450953625727,20,326.0,0.17255922203792293,15,224.0,0.13744733544770701,35,550.0
2400.0,31,435.0,7.631578947368421,3.5197929916055553,19,374.0,0.21582841340318665,12,213.0,0.21642745508893887,31,587.0
2405.0,29,502.0,8.655172413793103,4.986216691145135,21,423.0,0.15481142273814846,8,179.0,0.46282653554636954,29,602.0
2410.0,26,497.0,8.423728813559322,4.931872724414939,19,473.0,0.10737805174055724,7,161.0,0.4848135775574173,26,634.0
2415.0,22,476.0,7.67741935483871,6.013192234666066,14,490.0,0.20965410204290502,8,147.0,0.4558065582281971,22,637.0
2420.0,20,439.0,7.316666666666666,4.710508075680518,12,490.0,0.23927310218391398,8,145.0,0.19345500186736123,20,635.0
2425.0,21,305.0,5.258620689655173,5.335672506253678,12,437.0,0.24525411921120877,9,163.0,0.28172436608303086,21,600.0
2430.0,21,203.0,3.3833333333333333,5.12708579932459,12,444.0,0.24182064208596013,9,133.0,0.325044403053691,21,577.0
2435.0,20,259.0,4.389830508474576,6.050450160800611,9,432.0,0.35211085182553753,11,169.0,0.3081945909221851,20,601.0
2440.0,21,268.0,4.620689655172414,5.953401126137619,11,427.0,0.3378977977808162,10,163.0,0.31478979428409043,21,590.0
2445.0,20,298.0,5.137931034482759,6.247943762723438,9,374.0,0.38846188250878655,11,178.0,0.2657378895427599,20,552.0
2450.0,21,257.0,4.431034482758621,5.532146800154193,12,375.0,0.3073968029464126,9,188.0,0.3630347390674848,21,563.0
2455.0,23,300.0,5.172413793103448,5.620297061126144,17,435.0,0.17602395733460852,6,150.0,0.43508310060817496,23,585.0
2460.0,23,360.0,6.101694915254237,5.949979238301287,17,481.0,0.09291477713269192,6,142.0,0.5377702906954782,23,623.0
2465.0,15,346.0,5.864406779661017,6.573894422345709,11,471.0,0.21902407668878068,4,145.0,0.4504636821827856,15,616.0
2470.0,21,269.0,4.719298245614035,6.158768665996772,10,431.0,0.34235061181440873,11,190.0,0.2873260899076787,21,621.0
2475.0,21,318.0,5.578947368421052,6.143431785275415,13,379.0,0.3578285047164511,8,229.0,0.306750409049306,21,608.0
2480.0,23,370.0,6.851851851851852,5.51404333342463,14,402.0,0.2535859856644126,9,231.0,0.40976419715116963,23,633.0
2485.0,15,351.0,6.622641509433962,6.871536585233515,10,380.0,0.2782886037614931,5,186.0,0.5223846374024815,15,566.0
2490.0,17,350.0,6.481481481481482,5.9253294582894,11,392.0,0.18081571175948444,6,187.0,0.39611196172748536,17,579.0
2495.0,21,282.0,5.222222222222222,6.684853038783775,13,413.0,0.28321363919162856,8,108.0,0.43603104600988263,21,521.0
2500.0,20,349.0,6.584905660377358,6.4401074752825425,11,449.0,0.3235311880348463,9,97.0,0.5085143936790382,20,546.0
2505.0,16,360.0,7.0588235294117645,6.05456323865331,9,456.0,0.3926687285972266,7,99.0,0.34049132143764177,16,555.0
2510.0,17,302.0,5.921568627450981,5.852125566663419,7,373.0,0.4060300615739294,10,118.0,0.2321957198907151,17,491.0
2515.0,20,196.0,3.6296296296296298,5.288878469513365,9,196.0,0.31653702186160304,11,132.0,0.19466714880318833,20,328.0
2520.0,16,148.0,2.9019607843137254,6.178708812622627,11,173.0,0.28995821751945167,5,109.0,0.4043730341383422,16,282.0
2525.0,16,165.0,3.3,5.8564145634945195,12,220.0,0.2695183452947447,4,88.0,0.33095219729349706,16,308.0
2530.0,22,207.0,3.980769230769231,5.261592686285471,12,250.0,0.2968965277933939,10,120.0,0.2710784237857751,22,370.0
2535.0,17,215.0,4.3,5.891722434221358,9,239.0,0.4297247229212986,8,136.0,0.24505272458145752,17,375.0
2540.0,16,223.0,4.372549019607843,5.921288329537053,11,206.0,0.2385018622767966,5,99.0,0.37174433527680895,16,305.0
2545.0,19,234.0,4.5,5.65613062530115,16,233.0,0.1904903032770607,3,67.0,0.45999733364797557,19,300.0
2550.0,23,224.0,4.0,6.316637443917893,16,240.0,0.24146110054618553,7,78.0,0.5212975488602197,23,318.0
2555.0,17,253.0,4.96078431372549,6.380091162258619,13,236.0,0.3551523077939967,4,89.0,0.5096517463983739,17,325.0
2560.0,17,255.0,4.903846153846154,5.756618033555994,12,249.0,0.2679773458177647,5,88.0,0.5315417337604526,17,337.0
2565.0,19,302.0,5.298245614035087,5.8453696996397655,14,267.0,0.29103485684719727,5,113.0,0.3988378438011103,19,380.0
2570.0,20,291.0,5.196428571428571,5.748226304940976,12,295.0,0.2761204778662247,8,85.0,0.38541931152743214,20,380.0
2575.0,26,401.0,7.160714285714286,5.321201987923873,13,339.0,0.19748648744507805,13,141.0,0.4135521926753845,26,480.0
2580.0,24,461.0,8.381818181818181,4.264244935170403,14,373.0,0.16551889808652986,10,184.0,0.33111068458061077,24,557.0
2585.0,23,537.0,9.258620689655173,5.353709098984456,14,426.0,0.30444721581506917,9,195.0,0.31631653986264885,23,621.0
2590.0,21,345.0,5.948275862068965,5.827257769753942,11,367.0,0.3693380213901754,10,157.0,0.30184272687057906,21,524.0
2595.0,15,233.0,4.087719298245614,6.716773602788522,7,228.0,0.48404083944964393,8,137.0,0.29354031770710776,15,365.0
2600.0,16,218.0,4.113207547169812,5.30898712629545,6,212.0,0.3331875696749345,10,159.0,0.1800245119015068,16,371.0
2605.0,28,292.0,5.615384615384615,5.160935771574539,15,215.0,0.20196544295944777,13,215.0,0.28766794360555664,28,430.0
2610.0,22,320.0,6.2745098039215685,4.004367500874912,13,266.0,0.12346507808198624,9,229.0,0.2934263992409957,22,495.0
2615.0,22,367.0,6.9245283018867925,5.592573089447807,15,315.0,0.23821907159693897,7,198.0,0.43854873744562645,22,513.0
2620.0,18,288.0,5.433962264150943,5.853241064825536,12,307.0,0.3406938879897932,6,169.0,0.3994897923932215,18,476.0
2625.0,14,249.0,4.527272727272727,6.652105426107981,6,243.0,0.4256711169523218,8,126.0,0.38698791367388746,14,369.0
2630.0,19,209.0,3.8703703703703702,5.348368653025739,6,202.0,0.3142397652385166,13,166.0,0.1683716585454952,19,368.0
2635.0,24,257.0,4.508771929824562,5.614587524533982,12,179.0,0.2588011346620672,12,201.0,0.2973937798196762,24,380.0
2640.0,21,264.0,4.714285714285714,6.323583266379016,12,184.0,0.2225920357219073,9,202.0,0.4771669053718289,21,386.0
2645.0,21,231.0,3.9827586206896552,6.552698920704694,12,198.0,0.26844011564729037,9,177.0,0.48467814362768813,21,375.0
2650.0,20,232.0,4.0,5.851667811438775,9,188.0,0.30794335189590305,11,159.0,0.3596013104653802,20,347.0
2655.0,20,257.0,4.431034482758621,5.838759282671129,6,140.0,0.4534219923151204,14,191.0,0.21788077405913484,20,331.0
2660.0,19,330.0,6.0,6.146012340094724,7,141.0,0.4053545861269094,12,220.0,0.2502727568262022,19,361.0
2665.0,22,343.0,6.125,5.916320752751797,11,164.0,0.29652518447254805,11,238.0,0.3027075158719906,22,402.0
2670.0,17,264.0,4.888888888888889,6.498920162063202,9,147.0,0.40727244739079277,8,226.0,0.3456707066393896,17,373.0
2675.0,17,161.0,2.9272727272727272,7.113553034170889,9,98.0,0.49790033574002934,8,171.0,0.43550676592017057,17,269.0
2680.0,15,141.0,2.473684210526316,6.644242257020111,8,103.0,0.38836540344381826,7,111.0,0.48197948003760727,15,214.0
2685.0,18,193.0,3.216666666666667,6.720995081340779,11,89.0,0.31212005165397,7,140.0,0.5145292413824004,18,229.0
2690.0,18,181.0,3.175438596491228,5.501265121616369,11,116.0,0.29399890680593294,7,114.0,0.3845141923127479,18,230.0
2695.0,27,278.0,4.793103448275862,5.545634323820558,15,164.0,0.27273262259677894,12,152.0,0.3367108541434192,27,316.0
2700.0,24,301.0,5.101694915254237,4.5457979707910825,13,216.0,0.28876958929297003,11,154.0,0.2178733781739793,24,370.0
2705.0,18,293.0,5.051724137931035,6.034268463851728,10,230.0,0.34582473374252987,8,147.0,0.3370211807067212,18,377.0
2710.0,17,180.0,2.9508196721311477,5.687860383592359,9,221.0,0.33102410055044135,8,111.0,0.3482981783197168,17,332.0
2715.0,23,240.0,3.8095238095238093,5.6434149533841085,14,201.0,0.22564315514475955,9,125.0,0.3704533380942341,23,326.0
2720.0,25,305.0,4.919354838709677,5.465011744182308,14,243.0,0.26679961345993086,11,141.0,0.40583299687100893,25,384.0
2725.0,20,351.0,6.157894736842105,6.091878293612275,11,254.0,0.2876197542000106,9,136.0,0.37747509159935755,20,390.0
2730.0,20,309.0,5.618181818181818,5.293015416380482,10,240.0,0.1638168513878948,10,119.0,0.3169292042722637,20,359.0
2735.0,22,347.0,6.196428571428571,5.89711458940482,11,258.0,0.20038522584056184,11,140.0,0.2686985491505698,22,398.0
2740.0,21,194.0,3.803921568627451,5.665448737847373,9,214.0,0.3673763989123402,12,144.0,0.2910493048152741,21,358.0
2745.0,22,277.0,5.431372549019608,5.953770930964908,9,151.0,0.4326037527898257,13,183.0,0.242643062700518,22,334.0
2750.0,19,250.0,4.901960784313726,5.259661028159884,7,136.0,0.3609420324459909,12,208.0,0.3220915629580593,19,344.0
2755.0,19,294.0,5.345454545454546,6.183132268726561,11,169.0,0.33984454975337686,8,206.0,0.408484537012137,19,375.0
2760.0,18,184.0,3.1186440677966103,6.250246611964225,11,170.0,0.35934224894525774,7,170.0,0.4379593764287047,18,340.0
2765.0,19,200.0,3.1746031746031744,6.936364772843876,7,142.0,0.45593817847886636,12,160.0,0.389109257114018,19,302.0
2770.0,17,206.0,3.2698412698412698,6.300344920954916,7,128.0,0.4813290238322518,10,175.0,0.2706038756904156,17,303.0
2775.0,19,212.0,3.1641791044776117,6.690945826558481,10,115.0,0.3696844741934025,9,180.0,0.3919745712763258,19,295.0
2780.0,23,192.0,3.0,4.94662713024305,14,159.0,0.23113602091712002,9,162.0,0.3186352426922657,23,321.0
2785.0,29,272.0,4.317460317460317,5.148954658093755,15,207.0,0.24994822225230212,14,133.0,0.25640966348728655,29,340.0
2790.0,27,285.0,4.384615384615385,4.681736149143158,14,225.0,0.2476529610350797,13,175.0,0.2107512614527204,27,400.0
2795.0,29,362.0,5.402985074626866,5.3948282108508225,15,252.0,0.2726987263375119,14,206.0,0.25721521156724997,29,458.0
2800.0,27,389.0,5.720588235294118,5.445631762388062,14,278.0,0.28911750482591675,13,239.0,0.34007208001366307,27,517.0
2805.0,22,364.0,5.126760563380282,5.97390291797009,15,297.0,0.34468625290244304,7,213.0,0.36161320901661714,22,510.0
2810.0,24,340.0,4.722222222222222,5.3617168799908566,16,354.0,0.2686855011219801,8,167.0,0.3456678622899197,24,521.0
2815.0,35,458.0,6.1066666666666665,5.406474458003414,21,421.0,0.28524817802900165,14,174.0,0.350206386813935,35,595.0
2820.0,33,458.0,6.273972602739726,4.186854105393476,20,426.0,0.2472576259959225,13,205.0,0.2772613430228018,33,631.0
2825.0,36,560.0,7.777777777777778,4.1382332171121465,24,459.0,0.14015712826346816,12,217.0,0.27284486474869185,36,676.0
2830.0,36,488.0,6.506666666666667,3.8536105639694953,25,513.0,0.08226585993750525,11,204.0,0.3300245275460837,36,717.0
2835.0,34,402.0,5.2894736842105265,4.571826317910935,17,479.0,0.19139924219307766,17,209.0,0.2318566085412804,34,688.0
2840.0,35,457.0,6.175675675675675,3.7767302009255967,14,508.0,0.23210080401922492,21,291.0,0.15038494597464017,35,799.0
2845.0,40,557.0,7.233766233766234,4.250564278134123,18,527.0,0.2297168772795567,22,386.0,0.16500531085547857,40,913.0
2850.0,36,642.0,8.794520547945206,4.192012449520223,18,541.0,0.23649941755077317,18,421.0,0.210136852604246,36,962.0
2855.0,25,576.0,8.228571428571428,4.678551599018344,13,469.0,0.22245149368118539,12,406.0,0.1922544541956522,25,875.0
2860.0,23,291.0,4.279411764705882,4.655705483985518,13,392.0,0.17136450618449342,10,340.0,0.23775896395502258,23,732.0
2865.0,28,268.0,4.0606060606060606,5.429792265764817,12,296.0,0.263065791450477,16,320.0,0.2735142759846878,28,616.0
2870.0,27,360.0,5.294117647058823,4.929599188067285,9,319.0,0.2859443733603708,18,364.0,0.31346270356053885,27,683.0
2875.0,21,405.0,6.230769230769231,5.574164432866514,10,328.0,0.3439191536916455,11,334.0,0.300162545341058,21,662.0
2880.0,24,452.0,6.848484848484849,4.98471600666431,11,329.0,0.35914404729423344,13,354.0,0.21510320692809615,24,683.0
2885.0,27,437.0,6.621212121212121,4.858468226742,12,321.0,0.32791382072402564,15,352.0,0.24206323465098598,27,673.0
2890.0,33,452.0,6.953846153846154,3.7790608334407425,15,317.0,0.2351548935562916,18,379.0,0.23048428364179205,33,696.0
2895.0,29,481.0,7.515625,4.003555409277841,14,314.0,0.20476385226738747,15,379.0,0.23507714109635197,29,693.0
2900.0,26,379.0,5.742424242424242,4.18979481356485,13,257.0,0.22642706040171445,13,420.0,0.23185736836822227,26,677.0
2905.0,35,500.0,7.246376811594203,4.518441824251184,17,271.0,0.27137189908272946,18,453.0,0.14333412581889296,35,724.0
2910.0,33,541.0,8.196969696969697,4.26251849674587,14,292.0,0.33432478363407675,19,519.0,0.14365267274581728,33,811.0
2915.0,23,547.0,8.546875,5.094720258508447,11,250.0,0.3004277228536722,12,548.0,0.1691118494142921,23,798.0
2920.0,25,446.0,7.311475409836065,4.384517731442457,14,249.0,0.1568173623522906,11,507.0,0.189814860970002,25,756.0
2925.0,27,410.0,6.721311475409836,4.9655246346057655,17,271.0,0.14721223311732248,10,440.0,0.30458034649602395,27,711.0
2930.0,29,402.0,7.444444444444445,4.310485287359891,15,294.0,0.18295310986551322,14,436.0,0.31358951481707337,29,730.0
2935.0,25,275.0,4.910714285714286,3.9500368293944113,13,295.0,0.1856501984683321,12,370.0,0.2943353846619169,25,665.0
2940.0,27,274.0,4.724137931034483,3.946651841440831,12,304.0,0.17868844760627214,15,396.0,0.3237618361652605,27,700.0
2945.0,20,197.0,3.6481481481481484,4.714390686849284,10,266.0,0.2007487723922696,10,378.0,0.2752023551554579,20,644.0
2950.0,18,242.0,4.4,4.863291820445475,10,274.0,0.23630385001319348,8,343.0,0.21892766952064482,18,617.0
2955.0,24,290.0,4.915254237288136,4.7744838935476475,10,283.0,0.24866603913134697,14,334.0,0.16936733509597873,24,617.0
2960.0,27,331.0,6.0181818181818185,4.577989720993885,11,263.0,0.3164749863039475,16,313.0,0.2373064318618237,27,576.0
2965.0,28,339.0,5.844827586206897,4.914746638081887,11,269.0,0.37842042524761393,17,284.0,0.2577004530373348,28,553.0
2970.0,29,381.0,6.245901639344262,4.687303534377057,12,244.0,0.3321949538290741,17,302.0,0.2570768657060103,29,546.0
2975.0,21,306.0,4.78125,5.497156798023727,10,256.0,0.3397940323442989,11,258.0,0.28665452216290277,21,514.0
2980.0,16,299.0,4.746031746031746,5.868879911760427,8,255.0,0.30166715738225885,8,236.0,0.3287559532710724,16,491.0
2985.0,22,369.0,5.590909090909091,6.355203296037572,9,277.0,0.4021342981460465,13,245.0,0.2578107632527669,22,522.0
2990.0,25,312.0,5.032258064516129,5.383431214945664,8,235.0,0.38475170811200426,17,291.0,0.2129962878106493,25,526.0
2995.0,30,364.0,5.967213114754099,4.643108874148439,12,173.0,0.34856436135315383,18,346.0,0.19084246614861483,30,519.0
3000.0,29,423.0,6.934426229508197,3.9798799735150925,10,209.0,0.2887117351570912,19,375.0,0.2110444246426176,29,584.0
3005.0,22,437.0,7.283333333333333,5.279032030358887,8,226.0,0.3047689766804121,14,339.0,0.3412731202525744,22,565.0
3010.0,22,288.0,4.645161290322581,4.615956996958941,10,171.0,0.1710732847263157,12,314.0,0.26104158972190683,22,485.0
3015.0,31,346.0,5.492063492063492,5.330767198639529,15,181.0,0.21303431990012583,16,290.0,0.2793590011380055,31,471.0
3020.0,31,330.0,5.32258064516129,4.676023109275725,13,187.0,0.29864539317589167,18,327.0,0.2805045213221153,31,514.0
3025.0,30,366.0,6.1,4.98732514694078,12,200.0,0.3662720385906757,18,357.0,0.29345404940081904,30,557.0
3030.0,28,362.0,5.934426229508197,4.560621251215407,11,214.0,0.3277900037764716,17,367.0,0.29463116564742664,28,581.0
3035.0,18,285.0,4.523809523809524,4.5656728871974375,5,169.0,0.3232125512223115,13,332.0,0.161695643223385,18,501.0
3040.0,17,225.0,3.5714285714285716,5.144957756063799,4,94.0,0.3816583251133859,13,362.0,0.17482155051187007,17,456.0
3045.0,23,294.0,4.523076923076923,5.374396306725872,7,69.0,0.24499794243205228,16,385.0,0.24994101142816832,23,454.0
3050.0,22,349.0,5.5396825396825395,5.003874586867921,9,99.0,0.3735229912360263,13,411.0,0.24694500922196772,22,510.0
3055.0,17,367.0,6.327586206896552,5.842776024950514,5,106.0,0.4781984968623637,12,404.0,0.24518132606746582,17,510.0
3060.0,17,270.0,4.821428571428571,5.201818220330184,4,60.0,0.5116537040999191,13,378.0,0.12368568586181224,17,438.0
3065.0,24,334.0,5.661016949152542,5.212412122981222,8,79.0,0.40966131882705487,16,375.0,0.1331691421471848,24,454.0
3070.0,24,380.0,6.551724137931035,5.204951441221674,7,91.0,0.3270537104143485,17,419.0,0.23800991755425613,24,510.0
3075.0,23,447.0,8.127272727272727,5.799161082406993,8,103.0,0.3652550499267383,15,438.0,0.3184655892077036,23,541.0
3080.0,23,333.0,6.166666666666667,5.753015126047067,8,132.0,0.47701783221532434,15,367.0,0.2686220100957314,23,499.0
3085.0,25,412.0,7.357142857142857,5.5284877907901615,8,161.0,0.5042156228367202,17,336.0,0.1962164332762188,25,497.0
3090.0,20,318.0,6.0,4.681571574084385,6,109.0,0.39052080016630675,14,340.0,0.271947638796408,20,449.0
3095.0,18,239.0,4.267857142857143,5.434987820156339,9,137.0,0.24862429835642938,9,272.0,0.37599273617117107,18,409.0
3100.0,17,192.0,3.4909090909090907,5.454789346742151,9,155.0,0.20087039327229436,8,237.0,0.3503383887037069,17,392.0
3105.0,19,235.0,4.351851851851852,5.7058629707037545,6,152.0,0.2858447498833762,13,242.0,0.20682564387869398,19,394.0
3110.0,20,192.0,3.5555555555555554,5.0479971153084655,4,95.0,0.3439824923985813,16,268.0,0.07873737017482581,20,363.0
3115.0,16,194.0,3.730769230769231,6.554485309010617,5,62.0,0.4668025823493144,11,243.0,0.2361004141620191,16,305.0
3120.0,17,200.0,4.0,6.022453144610413,5,68.0,0.37047651926088304,12,255.0,0.3013398225743973,17,323.0
3125.0,17,238.0,4.76,6.355390536089893,3,66.0,0.41694446221767256,14,280.0,0.32382875086717355,17,346.0
3130.0,16,225.0,4.5,5.850150801905778,3,60.0,0.439529986951063,13,296.0,0.3149576687535863,16,356.0
3135.0,21,287.0,5.74,6.366502082375456,4,82.0,0.5889076884228074,17,303.0,0.3103268700403862,21,385.0
3140.0,19,277.0,5.770833333333333,5.247430659160577,2,68.0,0.6017414196043933,17,321.0,0.24407360691605173,19,389.0
3145.0,19,279.0,5.6938775510204085,5.64117002164021,4,69.0,0.5311444484996106,15,295.0,0.2506041361724377,19,364.0
3150.0,20,213.0,4.26,4.656042101867822,3,59.0,0.42783020291333046,17,292.0,0.20426799951585964,20,351.0
3155.0,16,209.0,3.8,6.590930915088435,3,67.0,0.5533679271294031,13,278.0,0.2890150069512976,16,345.0
3160.0,22,168.0,3.111111111111111,5.8133381341910075,5,22.0,0.5279501959836337,17,296.0,0.2218783253171035,22,318.0
3165.0,24,231.0,4.277777777777778,5.9806365790029705,6,52.0,0.5618792047389823,18,332.0,0.195070657389395,24,384.0
3170.0,23,281.0,5.017857142857143,4.5207610262816695,6,59.0,0.4095673082197822,17,376.0,0.13324513744222502,23,435.0
3175.0,27,381.0,6.803571428571429,5.073588167130169,11,104.0,0.4193238956868383,16,390.0,0.15873523559983357,27,494.0
3180.0,28,398.0,6.982456140350878,4.497031493494195,11,126.0,0.3926026770089557,17,439.0,0.16173468358838758,28,565.0
3185.0,23,429.0,6.919354838709677,5.627167583397772,8,121.0,0.42630252601454743,15,463.0,0.261720481120592,23,584.0
3190.0,20,314.0,5.147540983606557,4.358332142772352,7,114.0,0.26131147838913166,13,428.0,0.24215418667095273,20,542.0
3195.0,24,256.0,4.19672131147541,5.407437278359184,14,145.0,0.17797207938017964,10,303.0,0.35763446840134433,24,448.0
3200.0,26,335.0,5.87719298245614,4.2936936739917115,14,191.0,0.10446371472793174,12,280.0,0.22009735064705802,26,471.0
3205.0,21,380.0,6.785714285714286,5.5942261573449645,10,205.0,0.23035205797615488,11,305.0,0.2874976457355703,21,510.0
3210.0,20,347.0,6.196428571428571,5.348059324836906,10,210.0,0.2968645902880762,10,294.0,0.29896290492872113,20,504.0
3215.0,23,370.0,6.271186440677966,6.075236315274597,10,234.0,0.4080231045712587,13,269.0,0.3602919407516942,23,503.0
3220.0,25,340.0,5.762711864406779,5.325590318299691,10,190.0,0.43980051017092653,15,318.0,0.2847920569293907,25,508.0
3225.0,25,411.0,6.737704918032787,5.931317787896467,12,179.0,0.48452578382241135,13,363.0,0.35660399774292995,25,542.0
3230.0,26,377.0,5.984126984126984,4.0683185038301355,13,192.0,0.3361716971085649,13,352.0,0.22938269810864312,26,544.0
3235.0,24,350.0,5.46875,4.914954110279797,12,175.0,0.27114817381453404,12,323.0,0.2612268400011835,24,498.0
3240.0,23,403.0,6.5,4.930930952822773,11,206.0,0.23854574190029681,12,338.0,0.2452027072720133,23,544.0
3245.0,31,500.0,7.246376811594203,5.264814723165493,17,264.0,0.2433172673348191,14,365.0,0.3267317314763548,31,629.0
3250.0,30,571.0,8.784615384615385,4.497502234934228,17,312.0,0.3056352522571991,13,395.0,0.3348034987717209,30,707.0
3255.0,29,657.0,10.428571428571429,4.972027285068337,14,329.0,0.3306874368805072,15,434.0,0.338280859032689,29,763.0
3260.0,28,644.0,10.387096774193548,4.019789941561121,13,330.0,0.2595690996834855,15,471.0,0.1979830216737086,28,801.0
3265.0,24,625.0,10.080645161290322,5.1117071306667174,12,321.0,0.26521334425006243,12,463.0,0.23549931669836638,24,784.0
3270.0,21,307.0,5.293103448275862,4.95226888184189,9,302.0,0.292093815314066,12,322.0,0.2577465819645714,21,624.0
3275.0,25,285.0,4.830508474576271,5.366633707446898,14,285.0,0.2952198068311312,11,189.0,0.3309340634767098,25,474.0
3280.0,25,245.0,4.083333333333333,4.984646440965682,13,299.0,0.3885523056741123,12,184.0,0.2612367860652218,25,483.0
3285.0,26,278.0,4.633333333333334,5.212524761019521,15,326.0,0.4180078174499192,11,191.0,0.30899677133953424,26,517.0
3290.0,26,266.0,4.360655737704918,4.41735261289697,15,345.0,0.3481564213318109,11,209.0,0.3066531599819456,26,554.0
3295.0,23,278.0,4.633333333333334,4.604298353580797,14,305.0,0.26258111754393243,9,190.0,0.26745542406902134,23,495.0
3300.0,19,274.0,4.349206349206349,4.193013587799144,12,315.0,0.16908807357594402,7,183.0,0.2208135854004346,19,498.0
3305.0,28,343.0,5.196969696969697,4.756242260314689,15,355.0,0.15142918209082967,13,211.0,0.2452288390747754,28,566.0
3310.0,30,386.0,6.126984126984127,4.643764607797422,18,367.0,0.17269848835916546,12,248.0,0.32796008121995723,30,615.0
3315.0,22,325.0,5.603448275862069,5.444802315754634,16,346.0,0.18417217115385343,6,244.0,0.5032243406286986,22,590.0
3320.0,24,274.0,4.491803278688525,4.570832115041233,17,381.0,0.07633902040059251,7,192.0,0.44563719104310984,24,573.0
3325.0,24,270.0,4.21875,5.460560840925773,13,370.0,0.18568990886889647,11,213.0,0.38538134444988426,24,583.0
3330.0,23,323.0,5.209677419354839,5.018241359464318,12,378.0,0.2285815751152357,11,242.0,0.30444510025851973,23,620.0
3335.0,25,355.0,5.634920634920635,5.528967700679976,14,383.0,0.2732021548462074,11,256.0,0.3093991869637244,25,639.0
3340.0,22,389.0,6.824561403508772,4.563714773032085,11,362.0,0.25452158706857664,11,291.0,0.2774131718697431,22,653.0
3345.0,30,470.0,7.966101694915254,4.107091090285542,14,330.0,0.2091891475507904,16,340.0,0.22115352747964556,30,670.0
3350.0,28,571.0,9.677966101694915,4.23517295962351,14,373.0,0.24635555270676868,14,384.0,0.23667021383058046,28,757.0
3355.0,26,657.0,10.596774193548388,5.128286375323569,15,409.0,0.23945045877970372,11,416.0,0.32205720913729974,26,825.0
3360.0,24,515.0,8.583333333333334,4.311437748029876,13,362.0,0.20696590044867322,11,399.0,0.2960178885843414,24,761.0
3365.0,29,624.0,10.064516129032258,5.622511931967963,16,398.0,0.30801773216364015,13,401.0,0.37208418795068676,29,799.0
3370.0,24,574.0,9.566666666666666,5.092733579410416,13,369.0,0.34962944634949583,11,439.0,0.3065988470293227,24,808.0
3375.0,23,534.0,8.9,5.520867820077955,11,250.0,0.2914027951979444,12,449.0,0.3561432024498942,23,699.0
3380.0,22,405.0,6.639344262295082,4.647448157306724,11,254.0,0.15431176383774806,11,392.0,0.3053643308732092,22,646.0
3385.0,23,222.0,3.639344262295082,5.317332433845999,13,252.0,0.2591789230435031,10,237.0,0.28307987355014436,23,489.0
3390.0,28,325.0,5.327868852459017,5.098669699860803,13,300.0,0.3185402181295398,15,211.0,0.2897790684090302,28,511.0
3395.0,29,397.0,6.508196721311475,4.789065288047842,15,363.0,0.35263389162255376,14,239.0,0.2227569408245557,29,602.0
3400.0,33,471.0,7.136363636363637,4.347824793527675,15,354.0,0.29133367860086967,18,288.0,0.19963123996357762,33,642.0
3405.0,26,445.0,6.846153846153846,4.756680819545209,10,325.0,0.3062217153422198,16,326.0,0.19955816234665127,26,651.0
3410.0,19,406.0,6.34375,6.167393106860349,12,334.0,0.3606948742202855,7,298.0,0.30365509140559543,19,632.0
3415.0,20,403.0,6.296875,5.349349795175202,11,320.0,0.28614227274721254,9,303.0,0.20490587193027568,20,623.0
3420.0,28,448.0,6.892307692307693,5.386581385451198,13,299.0,0.2624533720797786,15,319.0,0.23157593730862325,28,618.0
3425.0,26,491.0,7.919354838709677,4.721700535590292,12,324.0,0.2944670981130261,14,344.0,0.30343102236725356,26,668.0
3430.0,25,581.0,9.370967741935484,5.919275682665418,14,367.0,0.2810008294925308,11,315.0,0.412821846397919,25,682.0
3435.0,26,445.0,6.846153846153846,4.510230801624536,13,396.0,0.10147706211060059,13,248.0,0.34607459284610514,26,644.0
3440.0,29,522.0,7.676470588235294,5.871022193122854,13,397.0,0.3010433013353935,16,215.0,0.3069152611313181,29,612.0
3445.0,29,423.0,6.409090909090909,4.757128149456475,11,329.0,0.33612677710633004,18,280.0,0.22422412439531647,29,609.0
3450.0,26,329.0,4.91044776119403,5.325477074256588,7,203.0,0.29004176923614405,19,327.0,0.3027075601342294,26,530.0
3455.0,29,392.0,6.030769230769231,4.6857850946508535,13,213.0,0.23357256893828957,16,351.0,0.30400169661596194,29,564.0
3460.0,29,424.0,6.625,4.217734146045703,15,262.0,0.21509324996227827,14,341.0,0.22957046818384808,29,603.0
3465.0,26,403.0,6.296875,4.305330967639777,12,289.0,0.16883676014581497,14,332.0,0.27914289343996734,26,621.0
3470.0,24,380.0,5.6716417910447765,5.464525358449395,9,290.0,0.34247797416748293,15,336.0,0.269483763833163,24,626.0
3475.0,26,347.0,5.257575757575758,4.985078560009737,9,265.0,0.3438681076665748,17,364.0,0.21459278051006725,26,629.0
3480.0,28,327.0,4.8088235294117645,5.5454794649674355,7,204.0,0.4437274136176084,21,374.0,0.2097584172314018,28,578.0
3485.0,26,315.0,4.632352941176471,4.832922828199835,7,171.0,0.336441740808114,19,415.0,0.21536060353799213,26,586.0
3490.0,29,326.0,4.591549295774648,5.267832702340362,13,199.0,0.31025367807452736,16,407.0,0.27411484204591485,29,606.0
3495.0,25,381.0,5.521739130434782,5.539936450412353,12,224.0,0.2763010838708532,13,414.0,0.30311804384502017,25,638.0
3500.0,19,304.0,4.537313432835821,5.864625361715008,6,210.0,0.36532009634103674,13,378.0,0.2492414470306935,19,588.0
3505.0,22,316.0,4.9375,5.5433275935578115,6,163.0,0.4604943673645601,16,365.0,0.13827980351722768,22,528.0
3510.0,29,381.0,5.953125,5.416227387855931,9,155.0,0.46337246906914353,20,403.0,0.19612992620319095,29,558.0
3515.0,28,328.0,5.466666666666667,5.542543851354885,9,148.0,0.40318572487066134,19,392.0,0.27113883411778317,28,540.0
3520.0,29,361.0,5.82258064516129,4.116265760942806,11,136.0,0.24109999633502605,18,424.0,0.2587356205696262,29,560.0
3525.0,31,348.0,5.3538461538461535,3.978055607546888,12,154.0,0.26062300112164233,19,432.0,0.23809862949806387,31,586.0
3530.0,25,321.0,4.938461538461539,4.66357570922607,6,120.0,0.41406529869782643,19,461.0,0.21468410932293935,25,581.0
3535.0,19,235.0,3.6153846153846154,5.505899684424564,5,117.0,0.4059879978991371,14,420.0,0.22983512871021136,19,537.0
3540.0,17,202.0,3.1076923076923078,5.409152194501174,5,94.0,0.32332947337077506,12,413.0,0.25740850755074124,17,507.0
3545.0,26,253.0,4.015873015873016,4.461580936692234,11,118.0,0.25215172997414753,15,413.0,0.1727782092858113,26,531.0
3550.0,28,329.0,5.061538461538461,4.900642996985741,10,152.0,0.3795046825057266,18,438.0,0.20888528914656382,28,590.0
3555.0,20,352.0,6.285714285714286,5.681407794188968,5,142.0,0.4658437766346639,15,419.0,0.22807858244894202,20,561.0
3560.0,19,264.0,4.981132075471698,5.202087555436734,5,109.0,0.4105635531823481,14,413.0,0.18779915918962647,19,522.0
3565.0,26,324.0,6.230769230769231,4.726190259074192,8,108.0,0.387880410773766,18,431.0,0.1190301312152854,26,539.0
3570.0,26,399.0,8.142857142857142,4.442466178203887,8,136.0,0.40045087173545396,18,485.0,0.16444318238536035,26,621.0
3575.0,25,486.0,9.72,4.860544144283778,9,166.0,0.3571577287837174,16,516.0,0.22315551924165217,25,682.0
3580.0,25,456.0,8.60377358490566,3.6828936437189963,10,149.0,0.2936360006553782,15,520.0,0.1423198215159507,25,669.0
3585.0,22,479.0,9.211538461538462,5.119677694861563,12,189.0,0.36614031389962515,10,504.0,0.2378389841428984,22,693.0
3590.0,20,330.0,5.892857142857143,4.61042207335285,10,188.0,0.2687605866788749,10,433.0,0.27869702591588824,20,621.0
3595.0,17,168.0,3.0545454545454547,5.862797558431087,3,130.0,0.3943606413726482,14,335.0,0.2966616624915961,17,465.0
3600.0,18,165.0,3.1132075471698113,5.434001575811306,5,88.0,0.3744736131046677,13,335.0,0.29937301725596044,18,423.0
3605.0,20,201.0,3.6545454545454548,6.0515318082371286,9,94.0,0.37946614008428614,11,312.0,0.30271459630076075,20,406.0
3610.0,23,191.0,3.3508771929824563,5.193583618605836,9,119.0,0.34412212744754606,14,289.0,0.25471377448642313,23,408.0
3615.0,20,261.0,4.660714285714286,5.941465644865068,11,169.0,0.3254112519806742,9,310.0,0.35379559595272014,20,479.0
3620.0,18,251.0,4.482142857142857,5.595239866679449,9,170.0,0.3524790052962033,9,285.0,0.38724341721847616,18,455.0
3625.0,19,258.0,4.6909090909090905,5.379019258246198,4,109.0,0.475362953045599,15,279.0,0.25288603997800985,19,388.0
3630.0,22,292.0,5.214285714285714,5.86483274014307,4,91.0,0.5486692716695083,18,306.0,0.1939228748910205,22,397.0
3635.0,18,343.0,6.86,6.026797250486851,6,104.0,0.3110104403382703,12,306.0,0.2408697094693923,18,410.0
3640.0,21,369.0,7.38,5.018492222780648,9,135.0,0.09121576702177121,12,314.0,0.15363272415469945,21,449.0
3645.0,17,274.0,6.088888888888889,5.95000564399417,5,118.0,0.44424112066681865,12,289.0,0.17323262361675346,17,407.0
3650.0,17,311.0,7.068181818181818,5.726254886779812,5,89.0,0.6026926569762533,12,333.0,0.19078328554939655,17,422.0
3655.0,16,318.0,7.395348837209302,6.467310619575971,2,48.0,0.6907311997395068,14,379.0,0.275731704080151,16,427.0
3660.0,14,322.0,7.488372093023256,6.1997900413002345,4,61.0,0.5044448128873171,10,394.0,0.32169905534595866,14,455.0
3665.0,18,371.0,8.244444444444444,5.770790118561601,9,95.0,0.4497496482395835,9,364.0,0.22943819736651097,18,459.0
3670.0,15,354.0,7.375,5.582454022160498,7,119.0,0.3830372776640534,8,338.0,0.27898408407395503,15,457.0
3675.0,18,398.0,7.96,7.2152122133402585,7,126.0,0.512419825090085,11,298.0,0.2888789645238607,18,424.0
3680.0,13,186.0,3.795918367346939,7.41545159276496,7,125.0,0.3833872544121633,6,186.0,0.43642199862603115,13,311.0
3685.0,14,226.0,4.612244897959184,7.278617639790737,9,158.0,0.3630049048153062,5,84.0,0.38744163650413854,14,242.0
3690.0,16,177.0,3.765957446808511,6.539454061324567,8,135.0,0.404945765962324,8,111.0,0.36013639647389106,16,246.0
3695.0,16,173.0,3.760869565217391,6.88455944586268,10,115.0,0.3947573608478602,6,111.0,0.4141058397838814,16,226.0
3700.0,14,175.0,3.977272727272727,6.179837142438697,9,115.0,0.22388849186451676,5,92.0,0.5106555226227145,14,207.0
3705.0,13,212.0,4.416666666666667,6.104722411350022,8,126.0,0.30148362183553506,5,108.0,0.31398678012215886,13,234.0
3710.0,17,203.0,4.142857142857143,7.002196058406335,6,103.0,0.46404977571473893,11,144.0,0.3408471678127329,17,247.0
3715.0,18,215.0,4.387755102040816,6.7176665080601685,7,93.0,0.43710496518459785,11,140.0,0.32279933555392387,18,233.0
3720.0,18,263.0,5.9772727272727275,5.9137722903486,6,112.0,0.46779315326942267,12,181.0,0.29450274424034956,18,293.0
3725.0,20,300.0,6.666666666666667,5.022758809286539,9,132.0,0.3832831414287412,11,208.0,0.2601282329393776,20,340.0
3730.0,16,285.0,6.333333333333333,5.070900041701012,7,144.0,0.3070907458049205,9,201.0,0.26602053710376355,16,345.0
3735.0,16,235.0,5.0,5.85359524882782,9,147.0,0.2610542845585922,7,149.0,0.274930258612746,16,296.0
3740.0,21,273.0,5.352941176470588,5.978691466358311,10,185.0,0.22593825873695003,11,138.0,0.26533992079094165,21,323.0
3745.0,17,318.0,6.489795918367347,6.106211540651208,8,204.0,0.3465152799123274,9,161.0,0.32791279422861613,17,365.0
3750.0,15,226.0,4.808510638297872,6.549603277013957,6,127.0,0.3675417820640017,9,151.0,0.38876412046049114,15,278.0
3755.0,17,213.0,4.346938775510204,6.478298936480091,9,104.0,0.3297996202543774,8,157.0,0.44092316098568,17,261.0
3760.0,17,269.0,5.604166666666667,7.015211125782765,9,140.0,0.40243149628881913,8,157.0,0.49583693395832135,17,297.0
3765.0,15,215.0,4.479166666666667,6.691567402712249,8,158.0,0.3579275925252628,7,123.0,0.48349776262546046,15,281.0
3770.0,18,229.0,4.58,5.229398335416883,9,144.0,0.3110174728038401,9,116.0,0.36774582541836764,18,260.0
3775.0,23,279.0,5.264150943396227,4.950600564324258,12,186.0,0.21809466435593255,11,136.0,0.3668999607598211,23,322.0
3780.0,18,223.0,4.2075471698113205,6.192213534669451,9,163.0,0.32878854795336226,9,144.0,0.3918536344990529,18,307.0
3785.0,15,248.0,4.96,6.385289262186635,5,112.0,0.4844451586434306,10,183.0,0.26982456612478606,15,295.0
3790.0,15,245.0,4.9,5.557003112992712,3,84.0,0.3594102690947779,12,217.0,0.19931675250414166,15,301.0
3795.0,25,313.0,5.90566037735849,5.438730591835205,10,107.0,0.3689792320242271,15,266.0,0.18299043411914384,25,373.0
3800.0,21,325.0,6.132075471698113,5.602735266164819,8,115.0,0.36659234415235475,13,296.0,0.31345801483270136,21,411.0
3805.0,18,347.0,6.425925925925926,6.5760708099245955,7,112.0,0.44646117039759936,11,324.0,0.36172691883002045,18,436.0
3810.0,16,283.0,5.549019607843137,6.014486878368629,8,106.0,0.317249289847685,8,300.0,0.3827699884387565,16,406.0
3815.0,12,73.0,1.4038461538461537,5.221340461059324,3,58.0,0.296378731375927,9,217.0,0.25872714453251,12,275.0
3820.0,17,101.0,1.8703703703703705,5.617643287836716,4,62.0,0.4216219698840771,13,154.0,0.23053641808559672,17,216.0
3825.0,21,160.0,3.018867924528302,5.813953239635701,9,96.0,0.39463583576135913,12,174.0,0.3570579189934046,21,270.0
3830.0,18,183.0,3.267857142857143,6.218826257856945,10,120.0,0.3411230590959797,8,160.0,0.4329629450178681,18,280.0
3835.0,15,147.0,2.7735849056603774,5.212402610860469,7,112.0,0.26361539868501244,8,120.0,0.23533085806929027,15,232.0
3840.0,18,201.0,3.6545454545454548,6.039289680136405,7,125.0,0.34956833363377254,11,135.0,0.2164229998931555,18,260.0
3845.0,24,209.0,3.8,5.0386709790712265,10,111.0,0.2722127878101759,14,162.0,0.18450603352111974,24,273.0
3850.0,25,291.0,5.596153846153846,4.974285156083061,13,156.0,0.23825142880193464,12,204.0,0.3154723612406561,25,360.0
3855.0,24,280.0,5.185185185185185,4.942986150634578,13,184.0,0.2540146581675671,11,212.0,0.352477015939096,24,396.0
3860.0,23,343.0,6.86,5.890952754319107,13,205.0,0.2703751785471703,10,183.0,0.4249072484254252,23,388.0
3865.0,21,260.0,4.90566037735849,4.9904856428573465,12,222.0,0.20724162749714276,9,170.0,0.38493726800126693,21,392.0
3870.0,19,241.0,4.228070175438597,6.615743221013377,5,173.0,0.40795168793857417,14,173.0,0.3521858222019895,19,346.0
3875.0,19,199.0,3.618181818181818,5.650949347290475,4,118.0,0.42420673279970245,15,216.0,0.22687895191904275,19,334.0
3880.0,27,298.0,5.137931034482759,5.412869647177223,10,137.0,0.41077968150976774,17,270.0,0.21482304465381208,27,407.0
3885.0,26,339.0,5.844827586206897,4.514098958514588,11,167.0,0.35297603995919774,15,315.0,0.20218267270471044,26,482.0
3890.0,23,382.0,6.821428571428571,5.1479039210789255,11,207.0,0.32580015339358015,12,315.0,0.32035563795043237,23,522.0
3895.0,25,335.0,5.87719298245614,4.588104194764647,12,197.0,0.1767528184863301,13,313.0,0.3360333542470524,25,510.0
3900.0,19,153.0,2.6379310344827585,5.638395860867273,6,130.0,0.35570644306511817,13,284.0,0.31300061297700954,19,414.0
3905.0,20,222.0,3.8275862068965516,5.714619059565461,7,93.0,0.40446465808355553,13,267.0,0.265452749346438,20,360.0
3910.0,18,243.0,4.11864406779661,5.346451858465436,4,85.0,0.40208394257716423,14,302.0,0.150225904908426,18,387.0
3915.0,21,281.0,4.60655737704918,6.087222478546994,8,96.0,0.4843015150850972,13,322.0,0.1849550635603546,21,418.0
3920.0,20,271.0,4.672413793103448,6.285342549705984,7,120.0,0.48691013919904946,13,326.0,0.2584274709957654,20,446.0
3925.0,23,363.0,6.1525423728813555,6.233752806905759,8,132.0,0.4280655403426978,15,362.0,0.28948937307243255,23,494.0
3930.0,22,432.0,7.578947368421052,5.172998289914565,8,156.0,0.3968159747948416,14,408.0,0.24040332133942988,22,564.0
3935.0,22,509.0,8.775862068965518,5.844840006262491,8,182.0,0.275543630737395,14,442.0,0.3358501062118641,22,624.0
3940.0,20,349.0,6.12280701754386,5.228201355839716,8,137.0,0.1454544717124111,12,414.0,0.3271293844154735,20,551.0
3945.0,23,347.0,5.88135593220339,6.329714124397648,11,147.0,0.2666068309487836,12,349.0,0.3803835384886615,23,496.0
3950.0,22,320.0,5.333333333333333,5.369461041290963,8,154.0,0.3874277560642558,14,344.0,0.25928578417490517,22,498.0
3955.0,20,250.0,3.9682539682539684,6.152823610009131,5,129.0,0.5958067495860778,15,315.0,0.20305446325171542,20,444.0
3960.0,19,207.0,3.2857142857142856,5.834264834635083,4,72.0,0.5779529245665727,15,354.0,0.18390826420182707,19,426.0
3965.0,22,256.0,3.878787878787879,5.654938907767816,8,94.0,0.42407835459828364,14,366.0,0.22556006808260137,22,460.0
3970.0,26,276.0,4.0588235294117645,4.961100053281406,10,119.0,0.2880356935383678,16,368.0,0.23433279899527065,26,487.0
3975.0,25,316.0,4.579710144927536,6.080075393518923,9,143.0,0.3255945002953745,16,383.0,0.32906743517013304,25,526.0
3980.0,27,330.0,4.782608695652174,5.313435988554146,10,147.0,0.340387300729209,17,402.0,0.2504074742915651,27,549.0
3985.0,28,369.0,5.3478260869565215,4.912482505669267,12,155.0,0.33494891518763525,16,383.0,0.227379589847998,28,538.0
3990.0,32,413.0,6.073529411764706,4.038284398265843,13,192.0,0.30566854947369787,19,417.0,0.2357510473262842,32,609.0
3995.0,24,420.0,6.461538461538462,4.746660368482929,9,196.0,0.3044416214708566,15,419.0,0.23200781420106584,24,615.0
4000.0,22,239.0,3.463768115942029,4.610186120709593,7,171.0,0.29201317040704605,15,378.0,0.15098787092075505,22,549.0
4005.0,34,359.0,5.358208955223881,4.7992169423190605,16,204.0,0.1842062244459492,18,360.0,0.17264039696375175,34,564.0
4010.0,34,423.0,6.714285714285714,4.255915656341249,16,264.0,0.2225627976764513,18,391.0,0.20016338035321607,34,655.0
4015.0,25,439.0,7.080645161290323,5.461311817623576,11,277.0,0.35524390709412695,14,378.0,0.19899323336476726,25,655.0
4020.0,26,403.0,6.948275862068965,4.309356124691006,10,251.0,0.31621751381444635,16,410.0,0.10039461099049145,26,661.0
4025.0,31,470.0,7.4603174603174605,5.269822169259723,15,275.0,0.3258261893180463,16,405.0,0.25452767970812573,31,680.0
4030.0,29,478.0,8.101694915254237,4.021719515008892,14,316.0,0.332566344768135,15,401.0,0.2285631017953429,29,717.0
4035.0,19,407.0,6.672131147540983,5.254919666818442,9,319.0,0.3252751605108996,10,324.0,0.3145200438861476,19,643.0
4040.0,17,244.0,3.8125,5.1734401226928055,8,253.0,0.26260387902594995,9,309.0,0.23175322925853026,17,562.0
4045.0,24,214.0,3.101449275362319,6.074034553733742,10,173.0,0.3891565394760899,14,337.0,0.22518000541685693,24,510.0
4050.0,25,258.0,3.7941176470588234,5.631458553593224,12,198.0,0.45141986903725007,13,341.0,0.2893649393561985,25,539.0
4055.0,24,326.0,5.015384615384615,5.854745419167789,16,250.0,0.3855664995584956,8,317.0,0.30538056169227834,24,567.0
4060.0,28,319.0,4.6911764705882355,4.82503394179484,18,291.0,0.15961318111688685,10,300.0,0.3570006145437068,28,591.0
4065.0,29,283.0,4.161764705882353,4.756863932226544,16,305.0,0.18251735891148796,13,256.0,0.30176602145700343,29,561.0
4070.0,31,292.0,4.294117647058823,4.08984071181063,17,354.0,0.25084351317720205,14,242.0,0.16673071562361794,31,596.0
4075.0,36,423.0,6.313432835820896,4.601093658665837,19,406.0,0.2611874254312148,17,281.0,0.23049821231159315,36,687.0
4080.0,34,466.0,6.753623188405797,3.776327212607286,19,421.0,0.19779885329199065,15,315.0,0.2291729812930865,34,736.0
4085.0,32,410.0,6.029411764705882,4.059812613242654,21,437.0,0.13026308027122144,11,288.0,0.32878737592753565,32,725.0
4090.0,33,409.0,6.104477611940299,4.405850831782411,21,478.0,0.15185085088392525,12,283.0,0.3648873772179911,33,761.0
4095.0,33,447.0,6.295774647887324,4.658271751319351,20,537.0,0.18499156361996735,13,266.0,0.33449318034931574,33,803.0
4100.0,37,527.0,7.121621621621622,4.041659040326109,21,585.0,0.2594393843730115,16,257.0,0.20718174712503962,37,842.0
4105.0,39,566.0,7.35064935064935,4.440243929937762,21,603.0,0.2664833629223189,18,277.0,0.21857728808286853,39,880.0
4110.0,32,410.0,5.394736842105263,5.074128723881584,16,527.0,0.32104481636836635,16,297.0,0.24531486555347817,32,824.0
4115.0,26,412.0,5.493333333333333,5.1241278423505685,17,473.0,0.22015936434323696,9,258.0,0.30480660570886203,26,731.0
4120.0,20,360.0,5.070422535211268,5.41338631295107,15,445.0,0.19259572816722756,5,212.0,0.36799012381848506,20,657.0
4125.0,28,365.0,5.069444444444445,5.1031244751753775,17,405.0,0.14364701642045105,11,219.0,0.3275735191470002,28,624.0
4130.0,33,326.0,4.527777777777778,5.530862471190196,20,442.0,0.23887601068444855,13,220.0,0.36914095447864376,33,662.0
4135.0,30,297.0,4.242857142857143,5.3902219113114285,18,435.0,0.30345933350849086,12,219.0,0.37387343499525966,30,654.0
4140.0,32,323.0,4.549295774647887,3.874077645846847,20,462.0,0.22004515810720246,12,221.0,0.2548332625969199,32,683.0
4145.0,26,275.0,3.8732394366197185,4.116509971972151,16,482.0,0.2051562699384859,10,184.0,0.21814065130279295,26,666.0
4150.0,24,305.0,4.357142857142857,4.568723067970247,13,451.0,0.2567633766969919,11,213.0,0.13674218292519466,24,664.0
4155.0,26,359.0,4.986111111111111,5.137827350036976,13,425.0,0.24012692375345052,13,247.0,0.18623631274018027,26,672.0
4160.0,31,317.0,4.661764705882353,4.831324838906621,17,420.0,0.24150531558193478,14,290.0,0.258859471039417,31,710.0
4165.0,36,446.0,7.079365079365079,4.174067732883662,22,439.0,0.16434917342808322,14,304.0,0.2988328850532506,36,743.0
4170.0,37,497.0,7.765625,3.064328164066974,26,512.0,0.14002069448507712,11,305.0,0.271377357791045,37,817.0
4175.0,25,422.0,6.492307692307692,4.175039400905153,17,530.0,0.22446242794704943,8,229.0,0.24879318296926684,25,759.0
4180.0,18,350.0,5.303030303030303,5.751114834799766,13,535.0,0.33067172807173967,5,162.0,0.26516877776283476,18,697.0
4185.0,24,368.0,5.575757575757576,5.744877453859586,14,496.0,0.3031536104021473,10,136.0,0.17624896400275736,24,632.0
4190.0,23,288.0,4.430769230769231,4.835152295320621,15,444.0,0.24126559826784957,8,151.0,0.1874643650337156,23,595.0
4195.0,24,271.0,4.442622950819672,5.009605635908289,17,420.0,0.17556159719872105,7,122.0,0.4826208358406103,24,542.0
4200.0,27,213.0,3.435483870967742,5.213602268887589,21,427.0,0.13772735388189183,6,102.0,0.5595025475686178,27,529.0
